----------------------------------------------------------------------------------------------------,,
Accel-Sim-build,,
CFG,l1_bw_32f/__tpb_1024___tpsm_1024___blocks_1--_Z5l1_bwPmS_PfPKf--0,AV--VG
RTX3070-SASS-accel-efa370c-gpgpu-6b22d66,NA,NA
RTX3070-SASS-accel-66ed9f2-gpgpu-6b22d66,NA,NA
RTX3070-SASS-accel-b1c61bc-gpgpu-6b22d66,NA,NA
RTX3070-SASS-accel-b3d9838-gpgpu-22159f1,NA,NA
RTX3070-SASS-accel-3ff1be8-gpgpu-67d8a3b,NA,NA
RTX3070-SASS-accel-3ff1be8-gpgpu-9d88a1c,NA,NA
RTX3070-SASS-accel-879dc35-gpgpu-3364474,NA,NA
RTX3070-SASS-accel-e7b698e-gpgpu-3364474,NA,NA
RTX3070-SASS-accel-1688c9d-gpgpu-3364474,NA,NA
RTX3070-SASS-accel-a634fe0-gpgpu-3364474,NA,NA
RTX3070-SASS-accel-7a8e345-gpgpu-3364474,NA,NA
RTX3070-SASS-accel-d3ba55f-gpgpu-a3c52cf,NA,NA
RTX3070-SASS-accel-ec00037-gpgpu-a3c52cf,NA,NA
RTX3070-SASS-accel-a619790-gpgpu-a3c52cf,NA,NA
RTX3070-SASS-accel-31777f7-gpgpu-a3c52cf,NA,NA
RTX3070-SASS-accel-6c06571-gpgpu-b18ee39,NA,NA
RTX3070-SASS-accel-96d7923-gpgpu-b18ee39,NA,NA
RTX3070-SASS-accel-ff9a5d6-gpgpu-b18ee39,NA,NA
RTX3070-SASS-accel-3c96d32-gpgpu-b18ee39,NA,NA
RTX3070-SASS-accel-d7f397a-gpgpu-b18ee39,NA,NA
A100-SASS-accel-963526a-gpgpu-b18ee39,NA,NA
A100-SASS-accel-55194db-gpgpu-6c3cf4f,NA,NA
A100-SASS-accel-b585512-gpgpu-6c3cf4f,NA,NA
A100-SASS-accel-bf35ab0-gpgpu-6c3cf4f,NA,NA
A100-SASS-accel-f0e4574-gpgpu-6c3cf4f,NA,NA
A100-SASS-accel-9be0e3c-gpgpu-6c3cf4f,NA,NA
A100-SASS-accel-1b34b87-gpgpu-6c3cf4f,NA,NA
A100-SASS-accel-f28591a-gpgpu-6c3cf4f,NA,NA
A100-SASS-accel-b9da7ee-gpgpu-e4a8836,NA,NA
A100-SASS-accel-b4dd5bb-gpgpu-e4a8836,NA,NA
A100-SASS-accel-9a0b752-gpgpu-0f3a798,NA,NA
A100-SASS-accel-b119851-gpgpu-0f3a798,NA,NA

----------------------------------------------------------------------------------------------------,,
GPGPU-Sim-build,,
CFG,l1_bw_32f/__tpb_1024___tpsm_1024___blocks_1--_Z5l1_bwPmS_PfPKf--0,AV--VG
RTX3070-SASS-accel-efa370c-gpgpu-6b22d66,NA,NA
RTX3070-SASS-accel-66ed9f2-gpgpu-6b22d66,NA,NA
RTX3070-SASS-accel-b1c61bc-gpgpu-6b22d66,NA,NA
RTX3070-SASS-accel-b3d9838-gpgpu-22159f1,NA,NA
RTX3070-SASS-accel-3ff1be8-gpgpu-67d8a3b,NA,NA
RTX3070-SASS-accel-3ff1be8-gpgpu-9d88a1c,NA,NA
RTX3070-SASS-accel-879dc35-gpgpu-3364474,NA,NA
RTX3070-SASS-accel-e7b698e-gpgpu-3364474,NA,NA
RTX3070-SASS-accel-1688c9d-gpgpu-3364474,NA,NA
RTX3070-SASS-accel-a634fe0-gpgpu-3364474,NA,NA
RTX3070-SASS-accel-7a8e345-gpgpu-3364474,NA,NA
RTX3070-SASS-accel-d3ba55f-gpgpu-a3c52cf,NA,NA
RTX3070-SASS-accel-ec00037-gpgpu-a3c52cf,NA,NA
RTX3070-SASS-accel-a619790-gpgpu-a3c52cf,NA,NA
RTX3070-SASS-accel-31777f7-gpgpu-a3c52cf,NA,NA
RTX3070-SASS-accel-6c06571-gpgpu-b18ee39,NA,NA
RTX3070-SASS-accel-96d7923-gpgpu-b18ee39,NA,NA
RTX3070-SASS-accel-ff9a5d6-gpgpu-b18ee39,NA,NA
RTX3070-SASS-accel-3c96d32-gpgpu-b18ee39,NA,NA
RTX3070-SASS-accel-d7f397a-gpgpu-b18ee39,NA,NA
A100-SASS-accel-963526a-gpgpu-b18ee39,NA,NA
A100-SASS-accel-55194db-gpgpu-6c3cf4f,NA,NA
A100-SASS-accel-b585512-gpgpu-6c3cf4f,NA,NA
A100-SASS-accel-bf35ab0-gpgpu-6c3cf4f,NA,NA
A100-SASS-accel-f0e4574-gpgpu-6c3cf4f,NA,NA
A100-SASS-accel-9be0e3c-gpgpu-6c3cf4f,NA,NA
A100-SASS-accel-1b34b87-gpgpu-6c3cf4f,NA,NA
A100-SASS-accel-f28591a-gpgpu-6c3cf4f,NA,NA
A100-SASS-accel-b9da7ee-gpgpu-e4a8836,NA,NA
A100-SASS-accel-b4dd5bb-gpgpu-e4a8836,NA,NA
A100-SASS-accel-9a0b752-gpgpu-0f3a798,NA,NA
A100-SASS-accel-b119851-gpgpu-0f3a798,NA,NA

----------------------------------------------------------------------------------------------------,,
gpu_tot_sim_insn\s*=\s*(.*),,
CFG,l1_bw_32f/__tpb_1024___tpsm_1024___blocks_1--_Z5l1_bwPmS_PfPKf--0,AV--VG
RTX3070-SASS-accel-efa370c-gpgpu-6b22d66,NA,41024118.5
RTX3070-SASS-accel-66ed9f2-gpgpu-6b22d66,NA,41024118.5
RTX3070-SASS-accel-b1c61bc-gpgpu-6b22d66,NA,41024118.5
RTX3070-SASS-accel-b3d9838-gpgpu-22159f1,NA,41024118.5
RTX3070-SASS-accel-3ff1be8-gpgpu-67d8a3b,NA,41024118.5
RTX3070-SASS-accel-3ff1be8-gpgpu-9d88a1c,NA,41024118.5
RTX3070-SASS-accel-879dc35-gpgpu-3364474,NA,87526313.9
RTX3070-SASS-accel-e7b698e-gpgpu-3364474,NA,87526313.9
RTX3070-SASS-accel-1688c9d-gpgpu-3364474,NA,87526313.9
RTX3070-SASS-accel-a634fe0-gpgpu-3364474,NA,87526313.9
RTX3070-SASS-accel-7a8e345-gpgpu-3364474,NA,87526313.9
RTX3070-SASS-accel-d3ba55f-gpgpu-a3c52cf,NA,87526313.9
RTX3070-SASS-accel-ec00037-gpgpu-a3c52cf,NA,87526313.9
RTX3070-SASS-accel-a619790-gpgpu-a3c52cf,NA,87526313.9
RTX3070-SASS-accel-31777f7-gpgpu-a3c52cf,NA,87526313.9
RTX3070-SASS-accel-6c06571-gpgpu-b18ee39,NA,87526313.9
RTX3070-SASS-accel-96d7923-gpgpu-b18ee39,NA,87526313.9
RTX3070-SASS-accel-ff9a5d6-gpgpu-b18ee39,NA,87526313.9
RTX3070-SASS-accel-3c96d32-gpgpu-b18ee39,NA,87526313.9
RTX3070-SASS-accel-d7f397a-gpgpu-b18ee39,NA,87526313.9
A100-SASS-accel-963526a-gpgpu-b18ee39,54947840.0,127524575.6
A100-SASS-accel-55194db-gpgpu-6c3cf4f,54947840.0,127524575.6
A100-SASS-accel-b585512-gpgpu-6c3cf4f,54947840.0,127524575.6
A100-SASS-accel-bf35ab0-gpgpu-6c3cf4f,54947840.0,127524575.6
A100-SASS-accel-f0e4574-gpgpu-6c3cf4f,54947840.0,127524575.6
A100-SASS-accel-9be0e3c-gpgpu-6c3cf4f,54947840.0,127524575.6
A100-SASS-accel-1b34b87-gpgpu-6c3cf4f,54947840.0,127524575.6
A100-SASS-accel-f28591a-gpgpu-6c3cf4f,54947840.0,127524575.6
A100-SASS-accel-b9da7ee-gpgpu-e4a8836,54947840.0,127524575.6
A100-SASS-accel-b4dd5bb-gpgpu-e4a8836,54947840.0,127524575.6
A100-SASS-accel-9a0b752-gpgpu-0f3a798,54947840.0,127524575.6
A100-SASS-accel-b119851-gpgpu-0f3a798,54947840.0,54947840.0

----------------------------------------------------------------------------------------------------,,
gpgpu_simulation_time\s*=.*\(([0-9]+) sec\).*,,
CFG,l1_bw_32f/__tpb_1024___tpsm_1024___blocks_1--_Z5l1_bwPmS_PfPKf--0,AV--VG
RTX3070-SASS-accel-efa370c-gpgpu-6b22d66,NA,532.7
RTX3070-SASS-accel-66ed9f2-gpgpu-6b22d66,NA,427.9
RTX3070-SASS-accel-b1c61bc-gpgpu-6b22d66,NA,480.3
RTX3070-SASS-accel-b3d9838-gpgpu-22159f1,NA,422.4
RTX3070-SASS-accel-3ff1be8-gpgpu-67d8a3b,NA,475.8
RTX3070-SASS-accel-3ff1be8-gpgpu-9d88a1c,NA,415.7
RTX3070-SASS-accel-879dc35-gpgpu-3364474,NA,532.2
RTX3070-SASS-accel-e7b698e-gpgpu-3364474,NA,445.5
RTX3070-SASS-accel-1688c9d-gpgpu-3364474,NA,475.4
RTX3070-SASS-accel-a634fe0-gpgpu-3364474,NA,504.8
RTX3070-SASS-accel-7a8e345-gpgpu-3364474,NA,516.8
RTX3070-SASS-accel-d3ba55f-gpgpu-a3c52cf,NA,367.0
RTX3070-SASS-accel-ec00037-gpgpu-a3c52cf,NA,387.2
RTX3070-SASS-accel-a619790-gpgpu-a3c52cf,NA,369.2
RTX3070-SASS-accel-31777f7-gpgpu-a3c52cf,NA,484.6
RTX3070-SASS-accel-6c06571-gpgpu-b18ee39,NA,460.0
RTX3070-SASS-accel-96d7923-gpgpu-b18ee39,NA,379.1
RTX3070-SASS-accel-ff9a5d6-gpgpu-b18ee39,NA,380.5
RTX3070-SASS-accel-3c96d32-gpgpu-b18ee39,NA,1587.1
RTX3070-SASS-accel-d7f397a-gpgpu-b18ee39,NA,377.2
A100-SASS-accel-963526a-gpgpu-b18ee39,211.0,1690.2
A100-SASS-accel-55194db-gpgpu-6c3cf4f,292.0,1738.5
A100-SASS-accel-b585512-gpgpu-6c3cf4f,198.0,1671.0
A100-SASS-accel-bf35ab0-gpgpu-6c3cf4f,186.0,1398.7
A100-SASS-accel-f0e4574-gpgpu-6c3cf4f,285.0,2004.5
A100-SASS-accel-9be0e3c-gpgpu-6c3cf4f,187.0,1933.1
A100-SASS-accel-1b34b87-gpgpu-6c3cf4f,286.0,1726.9
A100-SASS-accel-f28591a-gpgpu-6c3cf4f,283.0,1873.2
A100-SASS-accel-b9da7ee-gpgpu-e4a8836,343.0,2288.2
A100-SASS-accel-b4dd5bb-gpgpu-e4a8836,238.0,2416.4
A100-SASS-accel-9a0b752-gpgpu-0f3a798,351.0,2489.5
A100-SASS-accel-b119851-gpgpu-0f3a798,304.0,304.0

----------------------------------------------------------------------------------------------------,,
gpu_tot_sim_cycle\s*=\s*(.*),,
CFG,l1_bw_32f/__tpb_1024___tpsm_1024___blocks_1--_Z5l1_bwPmS_PfPKf--0,AV--VG
RTX3070-SASS-accel-efa370c-gpgpu-6b22d66,NA,1444304.9
RTX3070-SASS-accel-66ed9f2-gpgpu-6b22d66,NA,1444304.9
RTX3070-SASS-accel-b1c61bc-gpgpu-6b22d66,NA,1444304.9
RTX3070-SASS-accel-b3d9838-gpgpu-22159f1,NA,1444304.9
RTX3070-SASS-accel-3ff1be8-gpgpu-67d8a3b,NA,1444304.9
RTX3070-SASS-accel-3ff1be8-gpgpu-9d88a1c,NA,1444304.9
RTX3070-SASS-accel-879dc35-gpgpu-3364474,NA,976479.9
RTX3070-SASS-accel-e7b698e-gpgpu-3364474,NA,976479.9
RTX3070-SASS-accel-1688c9d-gpgpu-3364474,NA,976479.9
RTX3070-SASS-accel-a634fe0-gpgpu-3364474,NA,976479.9
RTX3070-SASS-accel-7a8e345-gpgpu-3364474,NA,976479.9
RTX3070-SASS-accel-d3ba55f-gpgpu-a3c52cf,NA,977284.4
RTX3070-SASS-accel-ec00037-gpgpu-a3c52cf,NA,977284.4
RTX3070-SASS-accel-a619790-gpgpu-a3c52cf,NA,977284.4
RTX3070-SASS-accel-31777f7-gpgpu-a3c52cf,NA,977284.4
RTX3070-SASS-accel-6c06571-gpgpu-b18ee39,NA,977284.4
RTX3070-SASS-accel-96d7923-gpgpu-b18ee39,NA,977284.4
RTX3070-SASS-accel-ff9a5d6-gpgpu-b18ee39,NA,977284.4
RTX3070-SASS-accel-3c96d32-gpgpu-b18ee39,NA,977284.4
RTX3070-SASS-accel-d7f397a-gpgpu-b18ee39,NA,977284.4
A100-SASS-accel-963526a-gpgpu-b18ee39,604524.0,1318173.2
A100-SASS-accel-55194db-gpgpu-6c3cf4f,604524.0,1318173.2
A100-SASS-accel-b585512-gpgpu-6c3cf4f,604524.0,1318173.2
A100-SASS-accel-bf35ab0-gpgpu-6c3cf4f,604524.0,1318173.2
A100-SASS-accel-f0e4574-gpgpu-6c3cf4f,604524.0,1318173.2
A100-SASS-accel-9be0e3c-gpgpu-6c3cf4f,604524.0,1318173.2
A100-SASS-accel-1b34b87-gpgpu-6c3cf4f,604524.0,1318173.2
A100-SASS-accel-f28591a-gpgpu-6c3cf4f,604524.0,1318173.2
A100-SASS-accel-b9da7ee-gpgpu-e4a8836,598610.0,1311223.2
A100-SASS-accel-b4dd5bb-gpgpu-e4a8836,598610.0,1311223.2
A100-SASS-accel-9a0b752-gpgpu-0f3a798,598610.0,1311223.2
A100-SASS-accel-b119851-gpgpu-0f3a798,598610.0,598610.0

----------------------------------------------------------------------------------------------------,,
\s+L2_cache_stats_breakdown\[GLOBAL_ACC_R\]\[HIT\]\s*=\s*(.*),,
CFG,l1_bw_32f/__tpb_1024___tpsm_1024___blocks_1--_Z5l1_bwPmS_PfPKf--0,AV--VG
RTX3070-SASS-accel-efa370c-gpgpu-6b22d66,NA,1750242.4
RTX3070-SASS-accel-66ed9f2-gpgpu-6b22d66,NA,1750242.4
RTX3070-SASS-accel-b1c61bc-gpgpu-6b22d66,NA,1750242.4
RTX3070-SASS-accel-b3d9838-gpgpu-22159f1,NA,1750242.4
RTX3070-SASS-accel-3ff1be8-gpgpu-67d8a3b,NA,1750242.4
RTX3070-SASS-accel-3ff1be8-gpgpu-9d88a1c,NA,1750242.4
RTX3070-SASS-accel-879dc35-gpgpu-3364474,NA,1853111.2
RTX3070-SASS-accel-e7b698e-gpgpu-3364474,NA,1853111.2
RTX3070-SASS-accel-1688c9d-gpgpu-3364474,NA,1853111.2
RTX3070-SASS-accel-a634fe0-gpgpu-3364474,NA,1853111.2
RTX3070-SASS-accel-7a8e345-gpgpu-3364474,NA,1853111.2
RTX3070-SASS-accel-d3ba55f-gpgpu-a3c52cf,NA,1853253.5
RTX3070-SASS-accel-ec00037-gpgpu-a3c52cf,NA,1853253.5
RTX3070-SASS-accel-a619790-gpgpu-a3c52cf,NA,1853253.5
RTX3070-SASS-accel-31777f7-gpgpu-a3c52cf,NA,1853253.5
RTX3070-SASS-accel-6c06571-gpgpu-b18ee39,NA,1853253.5
RTX3070-SASS-accel-96d7923-gpgpu-b18ee39,NA,1853253.5
RTX3070-SASS-accel-ff9a5d6-gpgpu-b18ee39,NA,1853253.5
RTX3070-SASS-accel-3c96d32-gpgpu-b18ee39,NA,1853253.5
RTX3070-SASS-accel-d7f397a-gpgpu-b18ee39,NA,1853253.5
A100-SASS-accel-963526a-gpgpu-b18ee39,0.0,2500005.7
A100-SASS-accel-55194db-gpgpu-6c3cf4f,0.0,2500005.7
A100-SASS-accel-b585512-gpgpu-6c3cf4f,0.0,2500005.7
A100-SASS-accel-bf35ab0-gpgpu-6c3cf4f,0.0,2500005.7
A100-SASS-accel-f0e4574-gpgpu-6c3cf4f,0.0,2500005.7
A100-SASS-accel-9be0e3c-gpgpu-6c3cf4f,0.0,2500005.7
A100-SASS-accel-1b34b87-gpgpu-6c3cf4f,0.0,2500005.7
A100-SASS-accel-f28591a-gpgpu-6c3cf4f,0.0,2500005.7
A100-SASS-accel-b9da7ee-gpgpu-e4a8836,2048.0,2509726.2
A100-SASS-accel-b4dd5bb-gpgpu-e4a8836,2048.0,2509726.2
A100-SASS-accel-9a0b752-gpgpu-0f3a798,2048.0,2509726.2
A100-SASS-accel-b119851-gpgpu-0f3a798,2048.0,2048.0

----------------------------------------------------------------------------------------------------,,
\s+L2_cache_stats_breakdown\[GLOBAL_ACC_R\]\[TOTAL_ACCESS\]\s*=\s*(.*),,
CFG,l1_bw_32f/__tpb_1024___tpsm_1024___blocks_1--_Z5l1_bwPmS_PfPKf--0,AV--VG
RTX3070-SASS-accel-efa370c-gpgpu-6b22d66,NA,2636837.9
RTX3070-SASS-accel-66ed9f2-gpgpu-6b22d66,NA,2636837.9
RTX3070-SASS-accel-b1c61bc-gpgpu-6b22d66,NA,2636837.9
RTX3070-SASS-accel-b3d9838-gpgpu-22159f1,NA,2636837.9
RTX3070-SASS-accel-3ff1be8-gpgpu-67d8a3b,NA,2636837.9
RTX3070-SASS-accel-3ff1be8-gpgpu-9d88a1c,NA,2636837.9
RTX3070-SASS-accel-879dc35-gpgpu-3364474,NA,2636837.9
RTX3070-SASS-accel-e7b698e-gpgpu-3364474,NA,2636837.9
RTX3070-SASS-accel-1688c9d-gpgpu-3364474,NA,2636837.9
RTX3070-SASS-accel-a634fe0-gpgpu-3364474,NA,2636837.9
RTX3070-SASS-accel-7a8e345-gpgpu-3364474,NA,2636837.9
RTX3070-SASS-accel-d3ba55f-gpgpu-a3c52cf,NA,2636837.9
RTX3070-SASS-accel-ec00037-gpgpu-a3c52cf,NA,2636837.9
RTX3070-SASS-accel-a619790-gpgpu-a3c52cf,NA,2636837.9
RTX3070-SASS-accel-31777f7-gpgpu-a3c52cf,NA,2636837.9
RTX3070-SASS-accel-6c06571-gpgpu-b18ee39,NA,2636837.9
RTX3070-SASS-accel-96d7923-gpgpu-b18ee39,NA,2636837.9
RTX3070-SASS-accel-ff9a5d6-gpgpu-b18ee39,NA,2636837.9
RTX3070-SASS-accel-3c96d32-gpgpu-b18ee39,NA,2636837.9
RTX3070-SASS-accel-d7f397a-gpgpu-b18ee39,NA,2636837.9
A100-SASS-accel-963526a-gpgpu-b18ee39,2060.0,3985381.9
A100-SASS-accel-55194db-gpgpu-6c3cf4f,2060.0,3985381.9
A100-SASS-accel-b585512-gpgpu-6c3cf4f,2060.0,3985381.9
A100-SASS-accel-bf35ab0-gpgpu-6c3cf4f,2060.0,3985381.9
A100-SASS-accel-f0e4574-gpgpu-6c3cf4f,2060.0,3985381.9
A100-SASS-accel-9be0e3c-gpgpu-6c3cf4f,2060.0,3985381.9
A100-SASS-accel-1b34b87-gpgpu-6c3cf4f,2060.0,3985381.9
A100-SASS-accel-f28591a-gpgpu-6c3cf4f,2060.0,3985381.9
A100-SASS-accel-b9da7ee-gpgpu-e4a8836,2060.0,3985381.9
A100-SASS-accel-b4dd5bb-gpgpu-e4a8836,2060.0,3985381.9
A100-SASS-accel-9a0b752-gpgpu-0f3a798,2060.0,3985381.9
A100-SASS-accel-b119851-gpgpu-0f3a798,2060.0,2060.0

----------------------------------------------------------------------------------------------------,,
\s+L2_cache_stats_breakdown\[GLOBAL_ACC_W\]\[HIT\]\s*=\s*(.*),,
CFG,l1_bw_32f/__tpb_1024___tpsm_1024___blocks_1--_Z5l1_bwPmS_PfPKf--0,AV--VG
RTX3070-SASS-accel-efa370c-gpgpu-6b22d66,NA,854.4
RTX3070-SASS-accel-66ed9f2-gpgpu-6b22d66,NA,854.4
RTX3070-SASS-accel-b1c61bc-gpgpu-6b22d66,NA,854.4
RTX3070-SASS-accel-b3d9838-gpgpu-22159f1,NA,854.4
RTX3070-SASS-accel-3ff1be8-gpgpu-67d8a3b,NA,854.4
RTX3070-SASS-accel-3ff1be8-gpgpu-9d88a1c,NA,854.4
RTX3070-SASS-accel-879dc35-gpgpu-3364474,NA,543.3
RTX3070-SASS-accel-e7b698e-gpgpu-3364474,NA,543.3
RTX3070-SASS-accel-1688c9d-gpgpu-3364474,NA,543.3
RTX3070-SASS-accel-a634fe0-gpgpu-3364474,NA,543.3
RTX3070-SASS-accel-7a8e345-gpgpu-3364474,NA,543.3
RTX3070-SASS-accel-d3ba55f-gpgpu-a3c52cf,NA,543.3
RTX3070-SASS-accel-ec00037-gpgpu-a3c52cf,NA,543.3
RTX3070-SASS-accel-a619790-gpgpu-a3c52cf,NA,543.3
RTX3070-SASS-accel-31777f7-gpgpu-a3c52cf,NA,543.3
RTX3070-SASS-accel-6c06571-gpgpu-b18ee39,NA,543.3
RTX3070-SASS-accel-96d7923-gpgpu-b18ee39,NA,543.3
RTX3070-SASS-accel-ff9a5d6-gpgpu-b18ee39,NA,543.3
RTX3070-SASS-accel-3c96d32-gpgpu-b18ee39,NA,543.3
RTX3070-SASS-accel-d7f397a-gpgpu-b18ee39,NA,543.3
A100-SASS-accel-963526a-gpgpu-b18ee39,12.0,550.8
A100-SASS-accel-55194db-gpgpu-6c3cf4f,12.0,550.8
A100-SASS-accel-b585512-gpgpu-6c3cf4f,12.0,550.8
A100-SASS-accel-bf35ab0-gpgpu-6c3cf4f,12.0,550.8
A100-SASS-accel-f0e4574-gpgpu-6c3cf4f,12.0,550.8
A100-SASS-accel-9be0e3c-gpgpu-6c3cf4f,12.0,550.8
A100-SASS-accel-1b34b87-gpgpu-6c3cf4f,12.0,550.8
A100-SASS-accel-f28591a-gpgpu-6c3cf4f,12.0,550.8
A100-SASS-accel-b9da7ee-gpgpu-e4a8836,12.0,550.8
A100-SASS-accel-b4dd5bb-gpgpu-e4a8836,12.0,550.8
A100-SASS-accel-9a0b752-gpgpu-0f3a798,12.0,550.8
A100-SASS-accel-b119851-gpgpu-0f3a798,12.0,12.0

----------------------------------------------------------------------------------------------------,,
\s+L2_cache_stats_breakdown\[GLOBAL_ACC_W\]\[TOTAL_ACCESS\]\s*=\s*(.*),,
CFG,l1_bw_32f/__tpb_1024___tpsm_1024___blocks_1--_Z5l1_bwPmS_PfPKf--0,AV--VG
RTX3070-SASS-accel-efa370c-gpgpu-6b22d66,NA,86194.9
RTX3070-SASS-accel-66ed9f2-gpgpu-6b22d66,NA,86194.9
RTX3070-SASS-accel-b1c61bc-gpgpu-6b22d66,NA,86194.9
RTX3070-SASS-accel-b3d9838-gpgpu-22159f1,NA,86194.9
RTX3070-SASS-accel-3ff1be8-gpgpu-67d8a3b,NA,86194.9
RTX3070-SASS-accel-3ff1be8-gpgpu-9d88a1c,NA,86194.9
RTX3070-SASS-accel-879dc35-gpgpu-3364474,NA,92047.8
RTX3070-SASS-accel-e7b698e-gpgpu-3364474,NA,92047.8
RTX3070-SASS-accel-1688c9d-gpgpu-3364474,NA,92047.8
RTX3070-SASS-accel-a634fe0-gpgpu-3364474,NA,92047.8
RTX3070-SASS-accel-7a8e345-gpgpu-3364474,NA,92047.8
RTX3070-SASS-accel-d3ba55f-gpgpu-a3c52cf,NA,92047.8
RTX3070-SASS-accel-ec00037-gpgpu-a3c52cf,NA,92047.8
RTX3070-SASS-accel-a619790-gpgpu-a3c52cf,NA,92047.8
RTX3070-SASS-accel-31777f7-gpgpu-a3c52cf,NA,92047.8
RTX3070-SASS-accel-6c06571-gpgpu-b18ee39,NA,92047.8
RTX3070-SASS-accel-96d7923-gpgpu-b18ee39,NA,92047.8
RTX3070-SASS-accel-ff9a5d6-gpgpu-b18ee39,NA,92047.8
RTX3070-SASS-accel-3c96d32-gpgpu-b18ee39,NA,92047.8
RTX3070-SASS-accel-d7f397a-gpgpu-b18ee39,NA,92047.8
A100-SASS-accel-963526a-gpgpu-b18ee39,640.0,329495.3
A100-SASS-accel-55194db-gpgpu-6c3cf4f,640.0,329495.3
A100-SASS-accel-b585512-gpgpu-6c3cf4f,640.0,329495.3
A100-SASS-accel-bf35ab0-gpgpu-6c3cf4f,640.0,329495.3
A100-SASS-accel-f0e4574-gpgpu-6c3cf4f,640.0,329495.3
A100-SASS-accel-9be0e3c-gpgpu-6c3cf4f,640.0,329495.3
A100-SASS-accel-1b34b87-gpgpu-6c3cf4f,640.0,329495.3
A100-SASS-accel-f28591a-gpgpu-6c3cf4f,640.0,329495.3
A100-SASS-accel-b9da7ee-gpgpu-e4a8836,640.0,329495.3
A100-SASS-accel-b4dd5bb-gpgpu-e4a8836,640.0,329495.3
A100-SASS-accel-9a0b752-gpgpu-0f3a798,640.0,329495.3
A100-SASS-accel-b119851-gpgpu-0f3a798,640.0,640.0

----------------------------------------------------------------------------------------------------,,
\s+Total_core_cache_stats_breakdown\[GLOBAL_ACC_R\]\[TOTAL_ACCESS\]\s*=\s*(.*),,
CFG,l1_bw_32f/__tpb_1024___tpsm_1024___blocks_1--_Z5l1_bwPmS_PfPKf--0,AV--VG
RTX3070-SASS-accel-efa370c-gpgpu-6b22d66,NA,325000.3
RTX3070-SASS-accel-66ed9f2-gpgpu-6b22d66,NA,325000.3
RTX3070-SASS-accel-b1c61bc-gpgpu-6b22d66,NA,325000.3
RTX3070-SASS-accel-b3d9838-gpgpu-22159f1,NA,325000.3
RTX3070-SASS-accel-3ff1be8-gpgpu-67d8a3b,NA,325000.3
RTX3070-SASS-accel-3ff1be8-gpgpu-9d88a1c,NA,325000.3
RTX3070-SASS-accel-879dc35-gpgpu-3364474,NA,557134.6
RTX3070-SASS-accel-e7b698e-gpgpu-3364474,NA,557134.6
RTX3070-SASS-accel-1688c9d-gpgpu-3364474,NA,557134.6
RTX3070-SASS-accel-a634fe0-gpgpu-3364474,NA,557134.6
RTX3070-SASS-accel-7a8e345-gpgpu-3364474,NA,557134.6
RTX3070-SASS-accel-d3ba55f-gpgpu-a3c52cf,NA,557134.6
RTX3070-SASS-accel-ec00037-gpgpu-a3c52cf,NA,557134.6
RTX3070-SASS-accel-a619790-gpgpu-a3c52cf,NA,557134.6
RTX3070-SASS-accel-31777f7-gpgpu-a3c52cf,NA,557134.6
RTX3070-SASS-accel-6c06571-gpgpu-b18ee39,NA,557134.6
RTX3070-SASS-accel-96d7923-gpgpu-b18ee39,NA,557134.6
RTX3070-SASS-accel-ff9a5d6-gpgpu-b18ee39,NA,557134.6
RTX3070-SASS-accel-3c96d32-gpgpu-b18ee39,NA,557134.6
RTX3070-SASS-accel-d7f397a-gpgpu-b18ee39,NA,557134.6
A100-SASS-accel-963526a-gpgpu-b18ee39,2099200.0,1645629.4
A100-SASS-accel-55194db-gpgpu-6c3cf4f,2099200.0,1645629.4
A100-SASS-accel-b585512-gpgpu-6c3cf4f,2099200.0,1645629.4
A100-SASS-accel-bf35ab0-gpgpu-6c3cf4f,2099200.0,1645629.4
A100-SASS-accel-f0e4574-gpgpu-6c3cf4f,2099200.0,1645629.4
A100-SASS-accel-9be0e3c-gpgpu-6c3cf4f,2099200.0,1645629.4
A100-SASS-accel-1b34b87-gpgpu-6c3cf4f,2099200.0,1645629.4
A100-SASS-accel-f28591a-gpgpu-6c3cf4f,2099200.0,1645629.4
A100-SASS-accel-b9da7ee-gpgpu-e4a8836,2099200.0,1645629.4
A100-SASS-accel-b4dd5bb-gpgpu-e4a8836,2099200.0,1645629.4
A100-SASS-accel-9a0b752-gpgpu-0f3a798,2099200.0,1645629.4
A100-SASS-accel-b119851-gpgpu-0f3a798,2099200.0,2099200.0

----------------------------------------------------------------------------------------------------,,
\s+Total_core_cache_stats_breakdown\[GLOBAL_ACC_R\]\[HIT\]\s*=\s*(.*),,
CFG,l1_bw_32f/__tpb_1024___tpsm_1024___blocks_1--_Z5l1_bwPmS_PfPKf--0,AV--VG
RTX3070-SASS-accel-efa370c-gpgpu-6b22d66,NA,209141.4
RTX3070-SASS-accel-66ed9f2-gpgpu-6b22d66,NA,209141.4
RTX3070-SASS-accel-b1c61bc-gpgpu-6b22d66,NA,209141.4
RTX3070-SASS-accel-b3d9838-gpgpu-22159f1,NA,209141.4
RTX3070-SASS-accel-3ff1be8-gpgpu-67d8a3b,NA,209141.4
RTX3070-SASS-accel-3ff1be8-gpgpu-9d88a1c,NA,209141.4
RTX3070-SASS-accel-879dc35-gpgpu-3364474,NA,351936.6
RTX3070-SASS-accel-e7b698e-gpgpu-3364474,NA,351936.6
RTX3070-SASS-accel-1688c9d-gpgpu-3364474,NA,351936.6
RTX3070-SASS-accel-a634fe0-gpgpu-3364474,NA,351936.6
RTX3070-SASS-accel-7a8e345-gpgpu-3364474,NA,351936.6
RTX3070-SASS-accel-d3ba55f-gpgpu-a3c52cf,NA,351936.6
RTX3070-SASS-accel-ec00037-gpgpu-a3c52cf,NA,351936.6
RTX3070-SASS-accel-a619790-gpgpu-a3c52cf,NA,351936.6
RTX3070-SASS-accel-31777f7-gpgpu-a3c52cf,NA,351936.6
RTX3070-SASS-accel-6c06571-gpgpu-b18ee39,NA,351936.6
RTX3070-SASS-accel-96d7923-gpgpu-b18ee39,NA,351936.6
RTX3070-SASS-accel-ff9a5d6-gpgpu-b18ee39,NA,351936.6
RTX3070-SASS-accel-3c96d32-gpgpu-b18ee39,NA,351936.6
RTX3070-SASS-accel-d7f397a-gpgpu-b18ee39,NA,351936.6
A100-SASS-accel-963526a-gpgpu-b18ee39,2097140.0,383800.8
A100-SASS-accel-55194db-gpgpu-6c3cf4f,2097140.0,383800.8
A100-SASS-accel-b585512-gpgpu-6c3cf4f,2097140.0,383800.8
A100-SASS-accel-bf35ab0-gpgpu-6c3cf4f,2097140.0,383800.8
A100-SASS-accel-f0e4574-gpgpu-6c3cf4f,2097140.0,383800.8
A100-SASS-accel-9be0e3c-gpgpu-6c3cf4f,2097140.0,383800.8
A100-SASS-accel-1b34b87-gpgpu-6c3cf4f,2097140.0,383800.8
A100-SASS-accel-f28591a-gpgpu-6c3cf4f,2097140.0,383800.8
A100-SASS-accel-b9da7ee-gpgpu-e4a8836,2097139.0,378934.5
A100-SASS-accel-b4dd5bb-gpgpu-e4a8836,2097139.0,378934.5
A100-SASS-accel-9a0b752-gpgpu-0f3a798,2097139.0,378934.5
A100-SASS-accel-b119851-gpgpu-0f3a798,2097139.0,2097139.0

----------------------------------------------------------------------------------------------------,,
\s+Total_core_cache_stats_breakdown\[GLOBAL_ACC_W\]\[HIT\]\s*=\s*(.*),,
CFG,l1_bw_32f/__tpb_1024___tpsm_1024___blocks_1--_Z5l1_bwPmS_PfPKf--0,AV--VG
RTX3070-SASS-accel-efa370c-gpgpu-6b22d66,NA,854.4
RTX3070-SASS-accel-66ed9f2-gpgpu-6b22d66,NA,854.4
RTX3070-SASS-accel-b1c61bc-gpgpu-6b22d66,NA,854.4
RTX3070-SASS-accel-b3d9838-gpgpu-22159f1,NA,854.4
RTX3070-SASS-accel-3ff1be8-gpgpu-67d8a3b,NA,854.4
RTX3070-SASS-accel-3ff1be8-gpgpu-9d88a1c,NA,854.4
RTX3070-SASS-accel-879dc35-gpgpu-3364474,NA,543.3
RTX3070-SASS-accel-e7b698e-gpgpu-3364474,NA,543.3
RTX3070-SASS-accel-1688c9d-gpgpu-3364474,NA,543.3
RTX3070-SASS-accel-a634fe0-gpgpu-3364474,NA,543.3
RTX3070-SASS-accel-7a8e345-gpgpu-3364474,NA,543.3
RTX3070-SASS-accel-d3ba55f-gpgpu-a3c52cf,NA,543.3
RTX3070-SASS-accel-ec00037-gpgpu-a3c52cf,NA,543.3
RTX3070-SASS-accel-a619790-gpgpu-a3c52cf,NA,543.3
RTX3070-SASS-accel-31777f7-gpgpu-a3c52cf,NA,543.3
RTX3070-SASS-accel-6c06571-gpgpu-b18ee39,NA,543.3
RTX3070-SASS-accel-96d7923-gpgpu-b18ee39,NA,543.3
RTX3070-SASS-accel-ff9a5d6-gpgpu-b18ee39,NA,543.3
RTX3070-SASS-accel-3c96d32-gpgpu-b18ee39,NA,543.3
RTX3070-SASS-accel-d7f397a-gpgpu-b18ee39,NA,543.3
A100-SASS-accel-963526a-gpgpu-b18ee39,12.0,543.3
A100-SASS-accel-55194db-gpgpu-6c3cf4f,12.0,543.3
A100-SASS-accel-b585512-gpgpu-6c3cf4f,12.0,543.3
A100-SASS-accel-bf35ab0-gpgpu-6c3cf4f,12.0,543.3
A100-SASS-accel-f0e4574-gpgpu-6c3cf4f,12.0,543.3
A100-SASS-accel-9be0e3c-gpgpu-6c3cf4f,12.0,543.3
A100-SASS-accel-1b34b87-gpgpu-6c3cf4f,12.0,543.3
A100-SASS-accel-f28591a-gpgpu-6c3cf4f,12.0,543.3
A100-SASS-accel-b9da7ee-gpgpu-e4a8836,12.0,543.3
A100-SASS-accel-b4dd5bb-gpgpu-e4a8836,12.0,543.3
A100-SASS-accel-9a0b752-gpgpu-0f3a798,12.0,543.3
A100-SASS-accel-b119851-gpgpu-0f3a798,12.0,12.0

----------------------------------------------------------------------------------------------------,,
\s+Total_core_cache_stats_breakdown\[GLOBAL_ACC_W\]\[TOTAL_ACCESS\]\s*=\s*(.*),,
CFG,l1_bw_32f/__tpb_1024___tpsm_1024___blocks_1--_Z5l1_bwPmS_PfPKf--0,AV--VG
RTX3070-SASS-accel-efa370c-gpgpu-6b22d66,NA,86194.9
RTX3070-SASS-accel-66ed9f2-gpgpu-6b22d66,NA,86194.9
RTX3070-SASS-accel-b1c61bc-gpgpu-6b22d66,NA,86194.9
RTX3070-SASS-accel-b3d9838-gpgpu-22159f1,NA,86194.9
RTX3070-SASS-accel-3ff1be8-gpgpu-67d8a3b,NA,86194.9
RTX3070-SASS-accel-3ff1be8-gpgpu-9d88a1c,NA,86194.9
RTX3070-SASS-accel-879dc35-gpgpu-3364474,NA,92047.8
RTX3070-SASS-accel-e7b698e-gpgpu-3364474,NA,92047.8
RTX3070-SASS-accel-1688c9d-gpgpu-3364474,NA,92047.8
RTX3070-SASS-accel-a634fe0-gpgpu-3364474,NA,92047.8
RTX3070-SASS-accel-7a8e345-gpgpu-3364474,NA,92047.8
RTX3070-SASS-accel-d3ba55f-gpgpu-a3c52cf,NA,92047.8
RTX3070-SASS-accel-ec00037-gpgpu-a3c52cf,NA,92047.8
RTX3070-SASS-accel-a619790-gpgpu-a3c52cf,NA,92047.8
RTX3070-SASS-accel-31777f7-gpgpu-a3c52cf,NA,92047.8
RTX3070-SASS-accel-6c06571-gpgpu-b18ee39,NA,92047.8
RTX3070-SASS-accel-96d7923-gpgpu-b18ee39,NA,92047.8
RTX3070-SASS-accel-ff9a5d6-gpgpu-b18ee39,NA,92047.8
RTX3070-SASS-accel-3c96d32-gpgpu-b18ee39,NA,92047.8
RTX3070-SASS-accel-d7f397a-gpgpu-b18ee39,NA,92047.8
A100-SASS-accel-963526a-gpgpu-b18ee39,640.0,329495.3
A100-SASS-accel-55194db-gpgpu-6c3cf4f,640.0,329495.3
A100-SASS-accel-b585512-gpgpu-6c3cf4f,640.0,329495.3
A100-SASS-accel-bf35ab0-gpgpu-6c3cf4f,640.0,329495.3
A100-SASS-accel-f0e4574-gpgpu-6c3cf4f,640.0,329495.3
A100-SASS-accel-9be0e3c-gpgpu-6c3cf4f,640.0,329495.3
A100-SASS-accel-1b34b87-gpgpu-6c3cf4f,640.0,329495.3
A100-SASS-accel-f28591a-gpgpu-6c3cf4f,640.0,329495.3
A100-SASS-accel-b9da7ee-gpgpu-e4a8836,640.0,329495.3
A100-SASS-accel-b4dd5bb-gpgpu-e4a8836,640.0,329495.3
A100-SASS-accel-9a0b752-gpgpu-0f3a798,640.0,329495.3
A100-SASS-accel-b119851-gpgpu-0f3a798,640.0,640.0

----------------------------------------------------------------------------------------------------,,
\s+Total_core_cache_stats_breakdown\[GLOBAL_ACC_R\]\[MSHR_HIT\]\s*=\s*(.*),,
CFG,l1_bw_32f/__tpb_1024___tpsm_1024___blocks_1--_Z5l1_bwPmS_PfPKf--0,AV--VG
RTX3070-SASS-accel-efa370c-gpgpu-6b22d66,NA,1124.5
RTX3070-SASS-accel-66ed9f2-gpgpu-6b22d66,NA,1124.5
RTX3070-SASS-accel-b1c61bc-gpgpu-6b22d66,NA,1124.5
RTX3070-SASS-accel-b3d9838-gpgpu-22159f1,NA,1124.5
RTX3070-SASS-accel-3ff1be8-gpgpu-67d8a3b,NA,1124.5
RTX3070-SASS-accel-3ff1be8-gpgpu-9d88a1c,NA,1124.5
RTX3070-SASS-accel-879dc35-gpgpu-3364474,NA,1784.8
RTX3070-SASS-accel-e7b698e-gpgpu-3364474,NA,1784.8
RTX3070-SASS-accel-1688c9d-gpgpu-3364474,NA,1784.8
RTX3070-SASS-accel-a634fe0-gpgpu-3364474,NA,1784.8
RTX3070-SASS-accel-7a8e345-gpgpu-3364474,NA,1784.8
RTX3070-SASS-accel-d3ba55f-gpgpu-a3c52cf,NA,1784.8
RTX3070-SASS-accel-ec00037-gpgpu-a3c52cf,NA,1784.8
RTX3070-SASS-accel-a619790-gpgpu-a3c52cf,NA,1784.8
RTX3070-SASS-accel-31777f7-gpgpu-a3c52cf,NA,1784.8
RTX3070-SASS-accel-6c06571-gpgpu-b18ee39,NA,1784.8
RTX3070-SASS-accel-96d7923-gpgpu-b18ee39,NA,1784.8
RTX3070-SASS-accel-ff9a5d6-gpgpu-b18ee39,NA,1784.8
RTX3070-SASS-accel-3c96d32-gpgpu-b18ee39,NA,1784.8
RTX3070-SASS-accel-d7f397a-gpgpu-b18ee39,NA,1784.8
A100-SASS-accel-963526a-gpgpu-b18ee39,0.0,986.9
A100-SASS-accel-55194db-gpgpu-6c3cf4f,0.0,986.9
A100-SASS-accel-b585512-gpgpu-6c3cf4f,0.0,986.9
A100-SASS-accel-bf35ab0-gpgpu-6c3cf4f,0.0,986.9
A100-SASS-accel-f0e4574-gpgpu-6c3cf4f,0.0,986.9
A100-SASS-accel-9be0e3c-gpgpu-6c3cf4f,0.0,986.9
A100-SASS-accel-1b34b87-gpgpu-6c3cf4f,0.0,986.9
A100-SASS-accel-f28591a-gpgpu-6c3cf4f,0.0,986.9
A100-SASS-accel-b9da7ee-gpgpu-e4a8836,1.0,5853.2
A100-SASS-accel-b4dd5bb-gpgpu-e4a8836,1.0,5853.2
A100-SASS-accel-9a0b752-gpgpu-0f3a798,1.0,5853.2
A100-SASS-accel-b119851-gpgpu-0f3a798,1.0,1.0

----------------------------------------------------------------------------------------------------,,
gpgpu_n_tot_w_icount\s*=\s*(.*),,
CFG,l1_bw_32f/__tpb_1024___tpsm_1024___blocks_1--_Z5l1_bwPmS_PfPKf--0,AV--VG
RTX3070-SASS-accel-efa370c-gpgpu-6b22d66,NA,1327878.6
RTX3070-SASS-accel-66ed9f2-gpgpu-6b22d66,NA,1327878.6
RTX3070-SASS-accel-b1c61bc-gpgpu-6b22d66,NA,1327878.6
RTX3070-SASS-accel-b3d9838-gpgpu-22159f1,NA,1327878.6
RTX3070-SASS-accel-3ff1be8-gpgpu-67d8a3b,NA,1327878.6
RTX3070-SASS-accel-3ff1be8-gpgpu-9d88a1c,NA,1327878.6
RTX3070-SASS-accel-879dc35-gpgpu-3364474,NA,2744694.9
RTX3070-SASS-accel-e7b698e-gpgpu-3364474,NA,2744694.9
RTX3070-SASS-accel-1688c9d-gpgpu-3364474,NA,2744694.9
RTX3070-SASS-accel-a634fe0-gpgpu-3364474,NA,2744694.9
RTX3070-SASS-accel-7a8e345-gpgpu-3364474,NA,2744694.9
RTX3070-SASS-accel-d3ba55f-gpgpu-a3c52cf,NA,2744694.9
RTX3070-SASS-accel-ec00037-gpgpu-a3c52cf,NA,2744694.9
RTX3070-SASS-accel-a619790-gpgpu-a3c52cf,NA,2744694.9
RTX3070-SASS-accel-31777f7-gpgpu-a3c52cf,NA,2744694.9
RTX3070-SASS-accel-6c06571-gpgpu-b18ee39,NA,2744694.9
RTX3070-SASS-accel-96d7923-gpgpu-b18ee39,NA,2744694.9
RTX3070-SASS-accel-ff9a5d6-gpgpu-b18ee39,NA,2744694.9
RTX3070-SASS-accel-3c96d32-gpgpu-b18ee39,NA,2744694.9
RTX3070-SASS-accel-d7f397a-gpgpu-b18ee39,NA,2744694.9
A100-SASS-accel-963526a-gpgpu-b18ee39,1717184.0,3998789.7
A100-SASS-accel-55194db-gpgpu-6c3cf4f,1717184.0,3998789.7
A100-SASS-accel-b585512-gpgpu-6c3cf4f,1717184.0,3998789.7
A100-SASS-accel-bf35ab0-gpgpu-6c3cf4f,1717184.0,3998789.7
A100-SASS-accel-f0e4574-gpgpu-6c3cf4f,1717184.0,3998789.7
A100-SASS-accel-9be0e3c-gpgpu-6c3cf4f,1717184.0,3998789.7
A100-SASS-accel-1b34b87-gpgpu-6c3cf4f,1717184.0,3998789.7
A100-SASS-accel-f28591a-gpgpu-6c3cf4f,1717184.0,3998789.7
A100-SASS-accel-b9da7ee-gpgpu-e4a8836,1717184.0,3998789.7
A100-SASS-accel-b4dd5bb-gpgpu-e4a8836,1717184.0,3998789.7
A100-SASS-accel-9a0b752-gpgpu-0f3a798,1717184.0,3998789.7
A100-SASS-accel-b119851-gpgpu-0f3a798,1717184.0,1717184.0

----------------------------------------------------------------------------------------------------,,
total dram reads\s*=\s*(.*),,
CFG,l1_bw_32f/__tpb_1024___tpsm_1024___blocks_1--_Z5l1_bwPmS_PfPKf--0,AV--VG
RTX3070-SASS-accel-efa370c-gpgpu-6b22d66,NA,300509.6
RTX3070-SASS-accel-66ed9f2-gpgpu-6b22d66,NA,300509.6
RTX3070-SASS-accel-b1c61bc-gpgpu-6b22d66,NA,300509.6
RTX3070-SASS-accel-b3d9838-gpgpu-22159f1,NA,300509.6
RTX3070-SASS-accel-3ff1be8-gpgpu-67d8a3b,NA,300509.6
RTX3070-SASS-accel-3ff1be8-gpgpu-9d88a1c,NA,300509.6
RTX3070-SASS-accel-879dc35-gpgpu-3364474,NA,318186.6
RTX3070-SASS-accel-e7b698e-gpgpu-3364474,NA,318186.6
RTX3070-SASS-accel-1688c9d-gpgpu-3364474,NA,318186.6
RTX3070-SASS-accel-a634fe0-gpgpu-3364474,NA,318186.6
RTX3070-SASS-accel-7a8e345-gpgpu-3364474,NA,318186.6
RTX3070-SASS-accel-d3ba55f-gpgpu-a3c52cf,NA,318186.6
RTX3070-SASS-accel-ec00037-gpgpu-a3c52cf,NA,318186.6
RTX3070-SASS-accel-a619790-gpgpu-a3c52cf,NA,318186.6
RTX3070-SASS-accel-31777f7-gpgpu-a3c52cf,NA,318186.6
RTX3070-SASS-accel-6c06571-gpgpu-b18ee39,NA,318186.6
RTX3070-SASS-accel-96d7923-gpgpu-b18ee39,NA,318186.6
RTX3070-SASS-accel-ff9a5d6-gpgpu-b18ee39,NA,318186.6
RTX3070-SASS-accel-3c96d32-gpgpu-b18ee39,NA,318186.6
RTX3070-SASS-accel-d7f397a-gpgpu-b18ee39,NA,318186.6
A100-SASS-accel-963526a-gpgpu-b18ee39,2060.0,782073.5
A100-SASS-accel-55194db-gpgpu-6c3cf4f,2060.0,782073.5
A100-SASS-accel-b585512-gpgpu-6c3cf4f,2060.0,782073.5
A100-SASS-accel-bf35ab0-gpgpu-6c3cf4f,2060.0,782073.5
A100-SASS-accel-f0e4574-gpgpu-6c3cf4f,2060.0,782073.5
A100-SASS-accel-9be0e3c-gpgpu-6c3cf4f,2060.0,782073.5
A100-SASS-accel-1b34b87-gpgpu-6c3cf4f,2060.0,782073.5
A100-SASS-accel-f28591a-gpgpu-6c3cf4f,2060.0,782073.5
A100-SASS-accel-b9da7ee-gpgpu-e4a8836,12.0,772353.0
A100-SASS-accel-b4dd5bb-gpgpu-e4a8836,12.0,772353.0
A100-SASS-accel-9a0b752-gpgpu-0f3a798,12.0,772353.0
A100-SASS-accel-b119851-gpgpu-0f3a798,12.0,12.0

----------------------------------------------------------------------------------------------------,,
total dram writes\s*=\s*(.*),,
CFG,l1_bw_32f/__tpb_1024___tpsm_1024___blocks_1--_Z5l1_bwPmS_PfPKf--0,AV--VG
RTX3070-SASS-accel-efa370c-gpgpu-6b22d66,NA,64687.4
RTX3070-SASS-accel-66ed9f2-gpgpu-6b22d66,NA,64687.4
RTX3070-SASS-accel-b1c61bc-gpgpu-6b22d66,NA,64687.4
RTX3070-SASS-accel-b3d9838-gpgpu-22159f1,NA,64687.4
RTX3070-SASS-accel-3ff1be8-gpgpu-67d8a3b,NA,64687.4
RTX3070-SASS-accel-3ff1be8-gpgpu-9d88a1c,NA,64687.4
RTX3070-SASS-accel-879dc35-gpgpu-3364474,NA,67232.9
RTX3070-SASS-accel-e7b698e-gpgpu-3364474,NA,67232.9
RTX3070-SASS-accel-1688c9d-gpgpu-3364474,NA,67232.9
RTX3070-SASS-accel-a634fe0-gpgpu-3364474,NA,67232.9
RTX3070-SASS-accel-7a8e345-gpgpu-3364474,NA,67232.9
RTX3070-SASS-accel-d3ba55f-gpgpu-a3c52cf,NA,67159.3
RTX3070-SASS-accel-ec00037-gpgpu-a3c52cf,NA,67159.3
RTX3070-SASS-accel-a619790-gpgpu-a3c52cf,NA,67159.3
RTX3070-SASS-accel-31777f7-gpgpu-a3c52cf,NA,67159.3
RTX3070-SASS-accel-6c06571-gpgpu-b18ee39,NA,67159.3
RTX3070-SASS-accel-96d7923-gpgpu-b18ee39,NA,67159.3
RTX3070-SASS-accel-ff9a5d6-gpgpu-b18ee39,NA,67159.3
RTX3070-SASS-accel-3c96d32-gpgpu-b18ee39,NA,67159.3
RTX3070-SASS-accel-d7f397a-gpgpu-b18ee39,NA,67159.3
A100-SASS-accel-963526a-gpgpu-b18ee39,0.0,217478.1
A100-SASS-accel-55194db-gpgpu-6c3cf4f,0.0,217478.1
A100-SASS-accel-b585512-gpgpu-6c3cf4f,0.0,217478.1
A100-SASS-accel-bf35ab0-gpgpu-6c3cf4f,0.0,217478.1
A100-SASS-accel-f0e4574-gpgpu-6c3cf4f,0.0,217478.1
A100-SASS-accel-9be0e3c-gpgpu-6c3cf4f,0.0,217478.1
A100-SASS-accel-1b34b87-gpgpu-6c3cf4f,0.0,217478.1
A100-SASS-accel-f28591a-gpgpu-6c3cf4f,0.0,217478.1
A100-SASS-accel-b9da7ee-gpgpu-e4a8836,0.0,217314.4
A100-SASS-accel-b4dd5bb-gpgpu-e4a8836,0.0,217314.4
A100-SASS-accel-9a0b752-gpgpu-0f3a798,0.0,217314.4
A100-SASS-accel-b119851-gpgpu-0f3a798,0.0,0.0

----------------------------------------------------------------------------------------------------,,
kernel_launch_uid\s*=\s*(.*),,
CFG,l1_bw_32f/__tpb_1024___tpsm_1024___blocks_1--_Z5l1_bwPmS_PfPKf--0,AV--VG
RTX3070-SASS-accel-efa370c-gpgpu-6b22d66,NA,1.1
RTX3070-SASS-accel-66ed9f2-gpgpu-6b22d66,NA,1.1
RTX3070-SASS-accel-b1c61bc-gpgpu-6b22d66,NA,1.1
RTX3070-SASS-accel-b3d9838-gpgpu-22159f1,NA,1.1
RTX3070-SASS-accel-3ff1be8-gpgpu-67d8a3b,NA,1.1
RTX3070-SASS-accel-3ff1be8-gpgpu-9d88a1c,NA,1.1
RTX3070-SASS-accel-879dc35-gpgpu-3364474,NA,1.0
RTX3070-SASS-accel-e7b698e-gpgpu-3364474,NA,1.0
RTX3070-SASS-accel-1688c9d-gpgpu-3364474,NA,1.0
RTX3070-SASS-accel-a634fe0-gpgpu-3364474,NA,1.0
RTX3070-SASS-accel-7a8e345-gpgpu-3364474,NA,1.0
RTX3070-SASS-accel-d3ba55f-gpgpu-a3c52cf,NA,1.0
RTX3070-SASS-accel-ec00037-gpgpu-a3c52cf,NA,1.0
RTX3070-SASS-accel-a619790-gpgpu-a3c52cf,NA,1.0
RTX3070-SASS-accel-31777f7-gpgpu-a3c52cf,NA,1.0
RTX3070-SASS-accel-6c06571-gpgpu-b18ee39,NA,1.0
RTX3070-SASS-accel-96d7923-gpgpu-b18ee39,NA,1.0
RTX3070-SASS-accel-ff9a5d6-gpgpu-b18ee39,NA,1.0
RTX3070-SASS-accel-3c96d32-gpgpu-b18ee39,NA,1.0
RTX3070-SASS-accel-d7f397a-gpgpu-b18ee39,NA,1.0
A100-SASS-accel-963526a-gpgpu-b18ee39,1.0,1.0
A100-SASS-accel-55194db-gpgpu-6c3cf4f,1.0,1.0
A100-SASS-accel-b585512-gpgpu-6c3cf4f,1.0,1.0
A100-SASS-accel-bf35ab0-gpgpu-6c3cf4f,1.0,1.0
A100-SASS-accel-f0e4574-gpgpu-6c3cf4f,1.0,1.0
A100-SASS-accel-9be0e3c-gpgpu-6c3cf4f,1.0,1.0
A100-SASS-accel-1b34b87-gpgpu-6c3cf4f,1.0,1.0
A100-SASS-accel-f28591a-gpgpu-6c3cf4f,1.0,1.0
A100-SASS-accel-b9da7ee-gpgpu-e4a8836,1.0,1.0
A100-SASS-accel-b4dd5bb-gpgpu-e4a8836,1.0,1.0
A100-SASS-accel-9a0b752-gpgpu-0f3a798,1.0,1.0
A100-SASS-accel-b119851-gpgpu-0f3a798,1.0,1.0

----------------------------------------------------------------------------------------------------,,
gpgpu_n_shmem_bkconflict\s*=\s*(.*),,
CFG,l1_bw_32f/__tpb_1024___tpsm_1024___blocks_1--_Z5l1_bwPmS_PfPKf--0,AV--VG
RTX3070-SASS-accel-efa370c-gpgpu-6b22d66,NA,210727.1
RTX3070-SASS-accel-66ed9f2-gpgpu-6b22d66,NA,210727.1
RTX3070-SASS-accel-b1c61bc-gpgpu-6b22d66,NA,210727.1
RTX3070-SASS-accel-b3d9838-gpgpu-22159f1,NA,210727.1
RTX3070-SASS-accel-3ff1be8-gpgpu-67d8a3b,NA,210727.1
RTX3070-SASS-accel-3ff1be8-gpgpu-9d88a1c,NA,210727.1
RTX3070-SASS-accel-879dc35-gpgpu-3364474,NA,14949.6
RTX3070-SASS-accel-e7b698e-gpgpu-3364474,NA,14949.6
RTX3070-SASS-accel-1688c9d-gpgpu-3364474,NA,14949.6
RTX3070-SASS-accel-a634fe0-gpgpu-3364474,NA,14949.6
RTX3070-SASS-accel-7a8e345-gpgpu-3364474,NA,14949.6
RTX3070-SASS-accel-d3ba55f-gpgpu-a3c52cf,NA,14949.6
RTX3070-SASS-accel-ec00037-gpgpu-a3c52cf,NA,14949.6
RTX3070-SASS-accel-a619790-gpgpu-a3c52cf,NA,14949.6
RTX3070-SASS-accel-31777f7-gpgpu-a3c52cf,NA,14949.6
RTX3070-SASS-accel-6c06571-gpgpu-b18ee39,NA,14949.6
RTX3070-SASS-accel-96d7923-gpgpu-b18ee39,NA,14949.6
RTX3070-SASS-accel-ff9a5d6-gpgpu-b18ee39,NA,14949.6
RTX3070-SASS-accel-3c96d32-gpgpu-b18ee39,NA,14949.6
RTX3070-SASS-accel-d7f397a-gpgpu-b18ee39,NA,14949.6
A100-SASS-accel-963526a-gpgpu-b18ee39,0.0,14938.4
A100-SASS-accel-55194db-gpgpu-6c3cf4f,0.0,14938.4
A100-SASS-accel-b585512-gpgpu-6c3cf4f,0.0,14938.4
A100-SASS-accel-bf35ab0-gpgpu-6c3cf4f,0.0,14938.4
A100-SASS-accel-f0e4574-gpgpu-6c3cf4f,0.0,14938.4
A100-SASS-accel-9be0e3c-gpgpu-6c3cf4f,0.0,14938.4
A100-SASS-accel-1b34b87-gpgpu-6c3cf4f,0.0,14938.4
A100-SASS-accel-f28591a-gpgpu-6c3cf4f,0.0,14938.4
A100-SASS-accel-b9da7ee-gpgpu-e4a8836,0.0,14938.4
A100-SASS-accel-b4dd5bb-gpgpu-e4a8836,0.0,14938.4
A100-SASS-accel-9a0b752-gpgpu-0f3a798,0.0,14938.4
A100-SASS-accel-b119851-gpgpu-0f3a798,0.0,0.0

----------------------------------------------------------------------------------------------------,,
gpgpu_n_l1cache_bkconflict\s*=\s*(.*),,
CFG,l1_bw_32f/__tpb_1024___tpsm_1024___blocks_1--_Z5l1_bwPmS_PfPKf--0,AV--VG
RTX3070-SASS-accel-efa370c-gpgpu-6b22d66,NA,24837.6
RTX3070-SASS-accel-66ed9f2-gpgpu-6b22d66,NA,24837.6
RTX3070-SASS-accel-b1c61bc-gpgpu-6b22d66,NA,24837.6
RTX3070-SASS-accel-b3d9838-gpgpu-22159f1,NA,24837.6
RTX3070-SASS-accel-3ff1be8-gpgpu-67d8a3b,NA,24837.6
RTX3070-SASS-accel-3ff1be8-gpgpu-9d88a1c,NA,24837.6
RTX3070-SASS-accel-879dc35-gpgpu-3364474,NA,31868.3
RTX3070-SASS-accel-e7b698e-gpgpu-3364474,NA,31868.3
RTX3070-SASS-accel-1688c9d-gpgpu-3364474,NA,31868.3
RTX3070-SASS-accel-a634fe0-gpgpu-3364474,NA,31868.3
RTX3070-SASS-accel-7a8e345-gpgpu-3364474,NA,31868.3
RTX3070-SASS-accel-d3ba55f-gpgpu-a3c52cf,NA,31579.6
RTX3070-SASS-accel-ec00037-gpgpu-a3c52cf,NA,31579.6
RTX3070-SASS-accel-a619790-gpgpu-a3c52cf,NA,31579.6
RTX3070-SASS-accel-31777f7-gpgpu-a3c52cf,NA,31579.6
RTX3070-SASS-accel-6c06571-gpgpu-b18ee39,NA,31579.6
RTX3070-SASS-accel-96d7923-gpgpu-b18ee39,NA,31579.6
RTX3070-SASS-accel-ff9a5d6-gpgpu-b18ee39,NA,31579.6
RTX3070-SASS-accel-3c96d32-gpgpu-b18ee39,NA,31579.6
RTX3070-SASS-accel-d7f397a-gpgpu-b18ee39,NA,31579.6
A100-SASS-accel-963526a-gpgpu-b18ee39,408.0,9404343.1
A100-SASS-accel-55194db-gpgpu-6c3cf4f,408.0,9404343.1
A100-SASS-accel-b585512-gpgpu-6c3cf4f,408.0,9404343.1
A100-SASS-accel-bf35ab0-gpgpu-6c3cf4f,408.0,9404343.1
A100-SASS-accel-f0e4574-gpgpu-6c3cf4f,408.0,9404343.1
A100-SASS-accel-9be0e3c-gpgpu-6c3cf4f,408.0,9404343.1
A100-SASS-accel-1b34b87-gpgpu-6c3cf4f,408.0,9404343.1
A100-SASS-accel-f28591a-gpgpu-6c3cf4f,408.0,9404343.1
A100-SASS-accel-b9da7ee-gpgpu-e4a8836,406.0,8996091.6
A100-SASS-accel-b4dd5bb-gpgpu-e4a8836,406.0,8996091.6
A100-SASS-accel-9a0b752-gpgpu-0f3a798,406.0,8996091.6
A100-SASS-accel-b119851-gpgpu-0f3a798,406.0,406.0

----------------------------------------------------------------------------------------------------,,
gpu_ipc\s*=\s*(.*),,
CFG,l1_bw_32f/__tpb_1024___tpsm_1024___blocks_1--_Z5l1_bwPmS_PfPKf--0,AV--VG
RTX3070-SASS-accel-efa370c-gpgpu-6b22d66,NA,85.7
RTX3070-SASS-accel-66ed9f2-gpgpu-6b22d66,NA,85.7
RTX3070-SASS-accel-b1c61bc-gpgpu-6b22d66,NA,85.7
RTX3070-SASS-accel-b3d9838-gpgpu-22159f1,NA,85.7
RTX3070-SASS-accel-3ff1be8-gpgpu-67d8a3b,NA,85.7
RTX3070-SASS-accel-3ff1be8-gpgpu-9d88a1c,NA,85.7
RTX3070-SASS-accel-879dc35-gpgpu-3364474,NA,150.6
RTX3070-SASS-accel-e7b698e-gpgpu-3364474,NA,150.6
RTX3070-SASS-accel-1688c9d-gpgpu-3364474,NA,150.6
RTX3070-SASS-accel-a634fe0-gpgpu-3364474,NA,150.6
RTX3070-SASS-accel-7a8e345-gpgpu-3364474,NA,150.6
RTX3070-SASS-accel-d3ba55f-gpgpu-a3c52cf,NA,150.2
RTX3070-SASS-accel-ec00037-gpgpu-a3c52cf,NA,150.2
RTX3070-SASS-accel-a619790-gpgpu-a3c52cf,NA,150.2
RTX3070-SASS-accel-31777f7-gpgpu-a3c52cf,NA,150.2
RTX3070-SASS-accel-6c06571-gpgpu-b18ee39,NA,150.2
RTX3070-SASS-accel-96d7923-gpgpu-b18ee39,NA,150.2
RTX3070-SASS-accel-ff9a5d6-gpgpu-b18ee39,NA,150.2
RTX3070-SASS-accel-3c96d32-gpgpu-b18ee39,NA,150.2
RTX3070-SASS-accel-d7f397a-gpgpu-b18ee39,NA,150.2
A100-SASS-accel-963526a-gpgpu-b18ee39,90.8944,403.0
A100-SASS-accel-55194db-gpgpu-6c3cf4f,90.8944,403.0
A100-SASS-accel-b585512-gpgpu-6c3cf4f,90.8944,403.0
A100-SASS-accel-bf35ab0-gpgpu-6c3cf4f,90.8944,403.0
A100-SASS-accel-f0e4574-gpgpu-6c3cf4f,90.8944,403.0
A100-SASS-accel-9be0e3c-gpgpu-6c3cf4f,90.8944,403.0
A100-SASS-accel-1b34b87-gpgpu-6c3cf4f,90.8944,403.0
A100-SASS-accel-f28591a-gpgpu-6c3cf4f,90.8944,403.0
A100-SASS-accel-b9da7ee-gpgpu-e4a8836,91.7924,405.7
A100-SASS-accel-b4dd5bb-gpgpu-e4a8836,91.7924,405.7
A100-SASS-accel-9a0b752-gpgpu-0f3a798,91.7924,405.7
A100-SASS-accel-b119851-gpgpu-0f3a798,91.7924,91.8

----------------------------------------------------------------------------------------------------,,
gpu_occupancy\s*=\s*(.*)%,,
CFG,l1_bw_32f/__tpb_1024___tpsm_1024___blocks_1--_Z5l1_bwPmS_PfPKf--0,AV--VG
RTX3070-SASS-accel-efa370c-gpgpu-6b22d66,NA,51.0
RTX3070-SASS-accel-66ed9f2-gpgpu-6b22d66,NA,51.0
RTX3070-SASS-accel-b1c61bc-gpgpu-6b22d66,NA,51.0
RTX3070-SASS-accel-b3d9838-gpgpu-22159f1,NA,51.0
RTX3070-SASS-accel-3ff1be8-gpgpu-67d8a3b,NA,51.0
RTX3070-SASS-accel-3ff1be8-gpgpu-9d88a1c,NA,51.0
RTX3070-SASS-accel-879dc35-gpgpu-3364474,NA,53.8
RTX3070-SASS-accel-e7b698e-gpgpu-3364474,NA,53.8
RTX3070-SASS-accel-1688c9d-gpgpu-3364474,NA,53.8
RTX3070-SASS-accel-a634fe0-gpgpu-3364474,NA,53.8
RTX3070-SASS-accel-7a8e345-gpgpu-3364474,NA,53.8
RTX3070-SASS-accel-d3ba55f-gpgpu-a3c52cf,NA,53.8
RTX3070-SASS-accel-ec00037-gpgpu-a3c52cf,NA,53.8
RTX3070-SASS-accel-a619790-gpgpu-a3c52cf,NA,53.8
RTX3070-SASS-accel-31777f7-gpgpu-a3c52cf,NA,53.8
RTX3070-SASS-accel-6c06571-gpgpu-b18ee39,NA,53.8
RTX3070-SASS-accel-96d7923-gpgpu-b18ee39,NA,53.8
RTX3070-SASS-accel-ff9a5d6-gpgpu-b18ee39,NA,53.8
RTX3070-SASS-accel-3c96d32-gpgpu-b18ee39,NA,53.8
RTX3070-SASS-accel-d7f397a-gpgpu-b18ee39,NA,53.8
A100-SASS-accel-963526a-gpgpu-b18ee39,49.9825,41.9
A100-SASS-accel-55194db-gpgpu-6c3cf4f,49.9825,41.9
A100-SASS-accel-b585512-gpgpu-6c3cf4f,49.9825,41.9
A100-SASS-accel-bf35ab0-gpgpu-6c3cf4f,49.9825,41.9
A100-SASS-accel-f0e4574-gpgpu-6c3cf4f,49.9825,41.9
A100-SASS-accel-9be0e3c-gpgpu-6c3cf4f,49.9825,41.9
A100-SASS-accel-1b34b87-gpgpu-6c3cf4f,49.9825,41.9
A100-SASS-accel-f28591a-gpgpu-6c3cf4f,49.9825,41.9
A100-SASS-accel-b9da7ee-gpgpu-e4a8836,49.9857,42.0
A100-SASS-accel-b4dd5bb-gpgpu-e4a8836,49.9857,42.0
A100-SASS-accel-9a0b752-gpgpu-0f3a798,49.9857,42.0
A100-SASS-accel-b119851-gpgpu-0f3a798,49.9857,50.0

----------------------------------------------------------------------------------------------------,,
L2_BW\s*=\s*(.*)\s*GB\/Sec,,
CFG,l1_bw_32f/__tpb_1024___tpsm_1024___blocks_1--_Z5l1_bwPmS_PfPKf--0,AV--VG
RTX3070-SASS-accel-efa370c-gpgpu-6b22d66,NA,115.6
RTX3070-SASS-accel-66ed9f2-gpgpu-6b22d66,NA,115.6
RTX3070-SASS-accel-b1c61bc-gpgpu-6b22d66,NA,115.6
RTX3070-SASS-accel-b3d9838-gpgpu-22159f1,NA,115.6
RTX3070-SASS-accel-3ff1be8-gpgpu-67d8a3b,NA,115.6
RTX3070-SASS-accel-3ff1be8-gpgpu-9d88a1c,NA,115.6
RTX3070-SASS-accel-879dc35-gpgpu-3364474,NA,120.3
RTX3070-SASS-accel-e7b698e-gpgpu-3364474,NA,120.3
RTX3070-SASS-accel-1688c9d-gpgpu-3364474,NA,120.3
RTX3070-SASS-accel-a634fe0-gpgpu-3364474,NA,120.3
RTX3070-SASS-accel-7a8e345-gpgpu-3364474,NA,120.3
RTX3070-SASS-accel-d3ba55f-gpgpu-a3c52cf,NA,119.9
RTX3070-SASS-accel-ec00037-gpgpu-a3c52cf,NA,119.9
RTX3070-SASS-accel-a619790-gpgpu-a3c52cf,NA,119.9
RTX3070-SASS-accel-31777f7-gpgpu-a3c52cf,NA,119.9
RTX3070-SASS-accel-6c06571-gpgpu-b18ee39,NA,119.9
RTX3070-SASS-accel-96d7923-gpgpu-b18ee39,NA,119.9
RTX3070-SASS-accel-ff9a5d6-gpgpu-b18ee39,NA,119.9
RTX3070-SASS-accel-3c96d32-gpgpu-b18ee39,NA,119.9
RTX3070-SASS-accel-d7f397a-gpgpu-b18ee39,NA,119.9
A100-SASS-accel-963526a-gpgpu-b18ee39,0.2015,405.6
A100-SASS-accel-55194db-gpgpu-6c3cf4f,0.2015,405.6
A100-SASS-accel-b585512-gpgpu-6c3cf4f,0.2015,405.6
A100-SASS-accel-bf35ab0-gpgpu-6c3cf4f,0.2015,405.6
A100-SASS-accel-f0e4574-gpgpu-6c3cf4f,0.2015,405.6
A100-SASS-accel-9be0e3c-gpgpu-6c3cf4f,0.2015,405.6
A100-SASS-accel-1b34b87-gpgpu-6c3cf4f,0.2015,405.6
A100-SASS-accel-f28591a-gpgpu-6c3cf4f,0.2015,405.6
A100-SASS-accel-b9da7ee-gpgpu-e4a8836,0.2035,409.5
A100-SASS-accel-b4dd5bb-gpgpu-e4a8836,0.2035,409.5
A100-SASS-accel-9a0b752-gpgpu-0f3a798,0.2035,409.5
A100-SASS-accel-b119851-gpgpu-0f3a798,0.2035,0.2

----------------------------------------------------------------------------------------------------,,
gpgpu_simulation_rate\s+=\s+(.*)\s+\(inst\/sec\),,
CFG,l1_bw_32f/__tpb_1024___tpsm_1024___blocks_1--_Z5l1_bwPmS_PfPKf--0,AV--VG
RTX3070-SASS-accel-efa370c-gpgpu-6b22d66,NA,148276.5
RTX3070-SASS-accel-66ed9f2-gpgpu-6b22d66,NA,158395.6
RTX3070-SASS-accel-b1c61bc-gpgpu-6b22d66,NA,151426.5
RTX3070-SASS-accel-b3d9838-gpgpu-22159f1,NA,160819.2
RTX3070-SASS-accel-3ff1be8-gpgpu-67d8a3b,NA,154965.2
RTX3070-SASS-accel-3ff1be8-gpgpu-9d88a1c,NA,158216.9
RTX3070-SASS-accel-879dc35-gpgpu-3364474,NA,175109.2
RTX3070-SASS-accel-e7b698e-gpgpu-3364474,NA,181929.9
RTX3070-SASS-accel-1688c9d-gpgpu-3364474,NA,181268.9
RTX3070-SASS-accel-a634fe0-gpgpu-3364474,NA,171260.1
RTX3070-SASS-accel-7a8e345-gpgpu-3364474,NA,174232.3
RTX3070-SASS-accel-d3ba55f-gpgpu-a3c52cf,NA,197447.4
RTX3070-SASS-accel-ec00037-gpgpu-a3c52cf,NA,194843.9
RTX3070-SASS-accel-a619790-gpgpu-a3c52cf,NA,195453.8
RTX3070-SASS-accel-31777f7-gpgpu-a3c52cf,NA,152999.7
RTX3070-SASS-accel-6c06571-gpgpu-b18ee39,NA,165922.1
RTX3070-SASS-accel-96d7923-gpgpu-b18ee39,NA,192731.6
RTX3070-SASS-accel-ff9a5d6-gpgpu-b18ee39,NA,201297.0
RTX3070-SASS-accel-3c96d32-gpgpu-b18ee39,NA,48640.4
RTX3070-SASS-accel-d7f397a-gpgpu-b18ee39,NA,195524.2
A100-SASS-accel-963526a-gpgpu-b18ee39,260416,121035.1
A100-SASS-accel-55194db-gpgpu-6c3cf4f,188177,118232.8
A100-SASS-accel-b585512-gpgpu-6c3cf4f,277514,124427.4
A100-SASS-accel-bf35ab0-gpgpu-6c3cf4f,295418,132729.6
A100-SASS-accel-f0e4574-gpgpu-6c3cf4f,192799,112764.1
A100-SASS-accel-9be0e3c-gpgpu-6c3cf4f,293838,126742.1
A100-SASS-accel-1b34b87-gpgpu-6c3cf4f,192125,119380.4
A100-SASS-accel-f28591a-gpgpu-6c3cf4f,194161,127851.2
A100-SASS-accel-b9da7ee-gpgpu-e4a8836,160197,97047.5
A100-SASS-accel-b4dd5bb-gpgpu-e4a8836,230873,98225.5
A100-SASS-accel-9a0b752-gpgpu-0f3a798,156546,90494.1
A100-SASS-accel-b119851-gpgpu-0f3a798,180749,180749.0

----------------------------------------------------------------------------------------------------,,
gpgpu_simulation_rate\s+=\s+(.*)\s+\(cycle\/sec\),,
CFG,l1_bw_32f/__tpb_1024___tpsm_1024___blocks_1--_Z5l1_bwPmS_PfPKf--0,AV--VG
RTX3070-SASS-accel-efa370c-gpgpu-6b22d66,NA,3901.3
RTX3070-SASS-accel-66ed9f2-gpgpu-6b22d66,NA,4209.3
RTX3070-SASS-accel-b1c61bc-gpgpu-6b22d66,NA,3896.8
RTX3070-SASS-accel-b3d9838-gpgpu-22159f1,NA,4246.2
RTX3070-SASS-accel-3ff1be8-gpgpu-67d8a3b,NA,3960.4
RTX3070-SASS-accel-3ff1be8-gpgpu-9d88a1c,NA,4096.7
RTX3070-SASS-accel-879dc35-gpgpu-3364474,NA,3680.1
RTX3070-SASS-accel-e7b698e-gpgpu-3364474,NA,3708.8
RTX3070-SASS-accel-1688c9d-gpgpu-3364474,NA,4013.8
RTX3070-SASS-accel-a634fe0-gpgpu-3364474,NA,3931.0
RTX3070-SASS-accel-7a8e345-gpgpu-3364474,NA,3870.1
RTX3070-SASS-accel-d3ba55f-gpgpu-a3c52cf,NA,3873.1
RTX3070-SASS-accel-ec00037-gpgpu-a3c52cf,NA,4292.8
RTX3070-SASS-accel-a619790-gpgpu-a3c52cf,NA,3901.1
RTX3070-SASS-accel-31777f7-gpgpu-a3c52cf,NA,3732.4
RTX3070-SASS-accel-6c06571-gpgpu-b18ee39,NA,4036.2
RTX3070-SASS-accel-96d7923-gpgpu-b18ee39,NA,3885.1
RTX3070-SASS-accel-ff9a5d6-gpgpu-b18ee39,NA,4370.0
RTX3070-SASS-accel-3c96d32-gpgpu-b18ee39,NA,950.1
RTX3070-SASS-accel-d7f397a-gpgpu-b18ee39,NA,4381.5
A100-SASS-accel-963526a-gpgpu-b18ee39,2865,2094.0
A100-SASS-accel-55194db-gpgpu-6c3cf4f,2070,1869.9
A100-SASS-accel-b585512-gpgpu-6c3cf4f,3053,2116.9
A100-SASS-accel-bf35ab0-gpgpu-6c3cf4f,3250,2137.5
A100-SASS-accel-f0e4574-gpgpu-6c3cf4f,2121,1858.6
A100-SASS-accel-9be0e3c-gpgpu-6c3cf4f,3232,2141.2
A100-SASS-accel-1b34b87-gpgpu-6c3cf4f,2113,1920.3
A100-SASS-accel-f28591a-gpgpu-6c3cf4f,2136,1909.6
A100-SASS-accel-b9da7ee-gpgpu-e4a8836,1745,1612.5
A100-SASS-accel-b4dd5bb-gpgpu-e4a8836,2515,1811.8
A100-SASS-accel-9a0b752-gpgpu-0f3a798,1705,1540.9
A100-SASS-accel-b119851-gpgpu-0f3a798,1969,1969.0

----------------------------------------------------------------------------------------------------,,
gpgpu_silicon_slowdown\s*=\s*(.*)x,,
CFG,l1_bw_32f/__tpb_1024___tpsm_1024___blocks_1--_Z5l1_bwPmS_PfPKf--0,AV--VG
RTX3070-SASS-accel-efa370c-gpgpu-6b22d66,NA,827187.3
RTX3070-SASS-accel-66ed9f2-gpgpu-6b22d66,NA,698445.5
RTX3070-SASS-accel-b1c61bc-gpgpu-6b22d66,NA,746781.2
RTX3070-SASS-accel-b3d9838-gpgpu-22159f1,NA,693091.5
RTX3070-SASS-accel-3ff1be8-gpgpu-67d8a3b,NA,722001.2
RTX3070-SASS-accel-3ff1be8-gpgpu-9d88a1c,NA,693383.8
RTX3070-SASS-accel-879dc35-gpgpu-3364474,NA,1015624.8
RTX3070-SASS-accel-e7b698e-gpgpu-3364474,NA,871769.6
RTX3070-SASS-accel-1688c9d-gpgpu-3364474,NA,911192.0
RTX3070-SASS-accel-a634fe0-gpgpu-3364474,NA,969585.6
RTX3070-SASS-accel-7a8e345-gpgpu-3364474,NA,1011671.2
RTX3070-SASS-accel-d3ba55f-gpgpu-a3c52cf,NA,758352.9
RTX3070-SASS-accel-ec00037-gpgpu-a3c52cf,NA,795515.0
RTX3070-SASS-accel-a619790-gpgpu-a3c52cf,NA,754781.4
RTX3070-SASS-accel-31777f7-gpgpu-a3c52cf,NA,1009464.2
RTX3070-SASS-accel-6c06571-gpgpu-b18ee39,NA,956380.4
RTX3070-SASS-accel-96d7923-gpgpu-b18ee39,NA,769873.6
RTX3070-SASS-accel-ff9a5d6-gpgpu-b18ee39,NA,756749.4
RTX3070-SASS-accel-3c96d32-gpgpu-b18ee39,NA,3382809.8
RTX3070-SASS-accel-d7f397a-gpgpu-b18ee39,NA,775355.2
A100-SASS-accel-963526a-gpgpu-b18ee39,492146,4123900.6
A100-SASS-accel-55194db-gpgpu-6c3cf4f,681159,3670348.2
A100-SASS-accel-b585512-gpgpu-6c3cf4f,461840,4019955.1
A100-SASS-accel-bf35ab0-gpgpu-6c3cf4f,433846,3350786.5
A100-SASS-accel-f0e4574-gpgpu-6c3cf4f,664780,4084140.3
A100-SASS-accel-9be0e3c-gpgpu-6c3cf4f,436262,4246532.1
A100-SASS-accel-1b34b87-gpgpu-6c3cf4f,667297,3771296.4
A100-SASS-accel-f28591a-gpgpu-6c3cf4f,660112,3451279.6
A100-SASS-accel-b9da7ee-gpgpu-e4a8836,808022,4845366.6
A100-SASS-accel-b4dd5bb-gpgpu-e4a8836,560636,5326414.4
A100-SASS-accel-9a0b752-gpgpu-0f3a798,826979,5487003.6
A100-SASS-accel-b119851-gpgpu-0f3a798,716099,716099.0

----------------------------------------------------------------------------------------------------,,
gpu_tot_ipc\s*=\s*(.*),,
CFG,l1_bw_32f/__tpb_1024___tpsm_1024___blocks_1--_Z5l1_bwPmS_PfPKf--0,AV--VG
RTX3070-SASS-accel-efa370c-gpgpu-6b22d66,NA,85.7
RTX3070-SASS-accel-66ed9f2-gpgpu-6b22d66,NA,85.7
RTX3070-SASS-accel-b1c61bc-gpgpu-6b22d66,NA,85.7
RTX3070-SASS-accel-b3d9838-gpgpu-22159f1,NA,85.7
RTX3070-SASS-accel-3ff1be8-gpgpu-67d8a3b,NA,85.7
RTX3070-SASS-accel-3ff1be8-gpgpu-9d88a1c,NA,85.7
RTX3070-SASS-accel-879dc35-gpgpu-3364474,NA,150.6
RTX3070-SASS-accel-e7b698e-gpgpu-3364474,NA,150.6
RTX3070-SASS-accel-1688c9d-gpgpu-3364474,NA,150.6
RTX3070-SASS-accel-a634fe0-gpgpu-3364474,NA,150.6
RTX3070-SASS-accel-7a8e345-gpgpu-3364474,NA,150.6
RTX3070-SASS-accel-d3ba55f-gpgpu-a3c52cf,NA,150.2
RTX3070-SASS-accel-ec00037-gpgpu-a3c52cf,NA,150.2
RTX3070-SASS-accel-a619790-gpgpu-a3c52cf,NA,150.2
RTX3070-SASS-accel-31777f7-gpgpu-a3c52cf,NA,150.2
RTX3070-SASS-accel-6c06571-gpgpu-b18ee39,NA,150.2
RTX3070-SASS-accel-96d7923-gpgpu-b18ee39,NA,150.2
RTX3070-SASS-accel-ff9a5d6-gpgpu-b18ee39,NA,150.2
RTX3070-SASS-accel-3c96d32-gpgpu-b18ee39,NA,150.2
RTX3070-SASS-accel-d7f397a-gpgpu-b18ee39,NA,150.2
A100-SASS-accel-963526a-gpgpu-b18ee39,90.8944,403.0
A100-SASS-accel-55194db-gpgpu-6c3cf4f,90.8944,403.0
A100-SASS-accel-b585512-gpgpu-6c3cf4f,90.8944,403.0
A100-SASS-accel-bf35ab0-gpgpu-6c3cf4f,90.8944,403.0
A100-SASS-accel-f0e4574-gpgpu-6c3cf4f,90.8944,403.0
A100-SASS-accel-9be0e3c-gpgpu-6c3cf4f,90.8944,403.0
A100-SASS-accel-1b34b87-gpgpu-6c3cf4f,90.8944,403.0
A100-SASS-accel-f28591a-gpgpu-6c3cf4f,90.8944,403.0
A100-SASS-accel-b9da7ee-gpgpu-e4a8836,91.7924,405.7
A100-SASS-accel-b4dd5bb-gpgpu-e4a8836,91.7924,405.7
A100-SASS-accel-9a0b752-gpgpu-0f3a798,91.7924,405.7
A100-SASS-accel-b119851-gpgpu-0f3a798,91.7924,91.8

