----------------------------------------------------------------------------------------------------,,,,,,,,,,,,,,,,,,
Accel-Sim-build,,,,,,,,,,,,,,,,,,
CFG,l1_bw_32f/__tpb_1024___tpsm_1024___blocks_1___ws_32--all_kernels,l1_bw_64f/__tpb_1024___tpsm_1024___blocks_1___ws_32--all_kernels,l1_bw_128/__tpb_1024___tpsm_1024___blocks_1___ws_32--all_kernels,l1_lat/__blocks_1___ws_32--all_kernels,l2_bw_32f/__tpb_1024___tpsm_1024___blocks_160___ws_32--all_kernels,l2_bw_64f/__tpb_1024___tpsm_1024___blocks_160___l2_786432___ws_32--all_kernels,l2_lat/__tpb_1___tpsm_1___blocks_1___l2_786432___ws_32--all_kernels,mem_bw/__tpb_1024___tpsm_1024___blocks_80___l2_1572864___ws_32___memclk_1132___membw_64--all_kernels,mem_lat/__tpb_1024___tpsm_1024___blocks_80___l2_1572864___ws_32___memclk_1132___membw_64--all_kernels,shared_bw/__tpb_1024___tpsm_1024___blocks_1____ws_32--all_kernels,shared_lat/__blocks_1____ws_32--all_kernels,shared_bank_conflicts/1--all_kernels,shared_bank_conflicts/2--all_kernels,MaxIops_int32/__tpb_1024____blocks_1____ws_32--all_kernels,l1_shared_bw/__tpb_1024____blocks_1____ws_32--all_kernels,l1_bw_32f_unroll/__tpb_1024___blocks_1____ws_32--all_kernels,l1_bw_32f_unroll_large/NO_ARGS--all_kernels,AVG
RTX3070-SASS,accelsim-commit-5b92252_modified_0.0_26-01-16-22-32-15,accelsim-commit-5b92252_modified_0.0_26-01-16-22-32-15,accelsim-commit-5b92252_modified_0.0_26-01-16-22-32-15,accelsim-commit-5b92252_modified_0.0_26-01-16-22-32-15,accelsim-commit-5b92252_modified_0.0_26-01-16-22-32-15,accelsim-commit-5b92252_modified_0.0_26-01-16-22-32-15,accelsim-commit-5b92252_modified_0.0_26-01-16-22-32-15,accelsim-commit-5b92252_modified_0.0_26-01-16-22-32-15,accelsim-commit-5b92252_modified_0.0_26-01-16-22-32-15,accelsim-commit-5b92252_modified_0.0_26-01-16-22-32-15,accelsim-commit-5b92252_modified_0.0_26-01-16-22-32-15,accelsim-commit-5b92252_modified_0.0_26-01-16-22-32-15,accelsim-commit-5b92252_modified_0.0_26-01-16-22-32-15,accelsim-commit-5b92252_modified_0.0_26-01-16-22-32-15,accelsim-commit-5b92252_modified_0.0_26-01-16-22-32-15,accelsim-commit-5b92252_modified_0.0_26-01-16-22-32-15,accelsim-commit-5b92252_modified_0.0_26-01-16-22-32-15,NA

----------------------------------------------------------------------------------------------------,,,,,,,,,,,,,,,,,,
GPGPU-Sim-build,,,,,,,,,,,,,,,,,,
CFG,l1_bw_32f/__tpb_1024___tpsm_1024___blocks_1___ws_32--all_kernels,l1_bw_64f/__tpb_1024___tpsm_1024___blocks_1___ws_32--all_kernels,l1_bw_128/__tpb_1024___tpsm_1024___blocks_1___ws_32--all_kernels,l1_lat/__blocks_1___ws_32--all_kernels,l2_bw_32f/__tpb_1024___tpsm_1024___blocks_160___ws_32--all_kernels,l2_bw_64f/__tpb_1024___tpsm_1024___blocks_160___l2_786432___ws_32--all_kernels,l2_lat/__tpb_1___tpsm_1___blocks_1___l2_786432___ws_32--all_kernels,mem_bw/__tpb_1024___tpsm_1024___blocks_80___l2_1572864___ws_32___memclk_1132___membw_64--all_kernels,mem_lat/__tpb_1024___tpsm_1024___blocks_80___l2_1572864___ws_32___memclk_1132___membw_64--all_kernels,shared_bw/__tpb_1024___tpsm_1024___blocks_1____ws_32--all_kernels,shared_lat/__blocks_1____ws_32--all_kernels,shared_bank_conflicts/1--all_kernels,shared_bank_conflicts/2--all_kernels,MaxIops_int32/__tpb_1024____blocks_1____ws_32--all_kernels,l1_shared_bw/__tpb_1024____blocks_1____ws_32--all_kernels,l1_bw_32f_unroll/__tpb_1024___blocks_1____ws_32--all_kernels,l1_bw_32f_unroll_large/NO_ARGS--all_kernels,AVG
RTX3070-SASS,gpgpu-sim_git-commit-8bfb0768_modified_0.0,gpgpu-sim_git-commit-8bfb0768_modified_0.0,gpgpu-sim_git-commit-8bfb0768_modified_0.0,gpgpu-sim_git-commit-8bfb0768_modified_0.0,gpgpu-sim_git-commit-8bfb0768_modified_0.0,gpgpu-sim_git-commit-8bfb0768_modified_0.0,gpgpu-sim_git-commit-8bfb0768_modified_0.0,gpgpu-sim_git-commit-8bfb0768_modified_0.0,gpgpu-sim_git-commit-8bfb0768_modified_0.0,gpgpu-sim_git-commit-8bfb0768_modified_0.0,gpgpu-sim_git-commit-8bfb0768_modified_0.0,gpgpu-sim_git-commit-8bfb0768_modified_0.0,gpgpu-sim_git-commit-8bfb0768_modified_0.0,gpgpu-sim_git-commit-8bfb0768_modified_0.0,gpgpu-sim_git-commit-8bfb0768_modified_0.0,gpgpu-sim_git-commit-8bfb0768_modified_0.0,gpgpu-sim_git-commit-8bfb0768_modified_0.0,NA

----------------------------------------------------------------------------------------------------,,,,,,,,,,,,,,,,,,
gpu_tot_sim_insn\s*=\s*(.*),,,,,,,,,,,,,,,,,,
CFG,l1_bw_32f/__tpb_1024___tpsm_1024___blocks_1___ws_32--_Z5l1_bwPmS_PfPKf--0,l1_bw_64f/__tpb_1024___tpsm_1024___blocks_1___ws_32--_Z5l1_bwPmS_PdS0_--0,l1_bw_128/__tpb_1024___tpsm_1024___blocks_1___ws_32--_Z5l1_bwPmS_PfS0_--0,l1_lat/__blocks_1___ws_32--_Z6l1_latPjS_PmS0_--0,l2_bw_32f/__tpb_1024___tpsm_1024___blocks_160___ws_32--_Z5l2_bwPmS_PfS0_j--0,l2_bw_64f/__tpb_1024___tpsm_1024___blocks_160___l2_786432___ws_32--_Z5l2_bwPjS_PdS0_j--0,l2_lat/__tpb_1___tpsm_1___blocks_1___l2_786432___ws_32--_Z10l2_hit_latPjS_PmS0_--0,mem_bw/__tpb_1024___tpsm_1024___blocks_80___l2_1572864___ws_32___memclk_1132___membw_64--_Z6mem_bwPfS_S_S_S_S_PjS0_j--0,mem_lat/__tpb_1024___tpsm_1024___blocks_80___l2_1572864___ws_32___memclk_1132___membw_64--_Z7mem_latPjS_PmS0_j--0,shared_bw/__tpb_1024___tpsm_1024___blocks_1____ws_32--_Z9shared_bwPmS_Pjj--0,shared_lat/__blocks_1____ws_32--_Z10shared_latPjS_Pmj--0,shared_bank_conflicts/1--_Z18transposeCoalescedPfS_ii--0,shared_bank_conflicts/2--_Z24transposeNoBankConflictsPfS_ii--0,MaxIops_int32/__tpb_1024____blocks_1____ws_32--_Z9max_flopsIiEvPjS0_PT_S2_S2_--0,l1_shared_bw/__tpb_1024____blocks_1____ws_32--_Z9shared_bwPjS_S_S_j--0,l1_bw_32f_unroll/__tpb_1024___blocks_1____ws_32--_Z5l1_bwPjS_PfS0_--0,l1_bw_32f_unroll_large/NO_ARGS--_Z5l1_bwPjS_PfS0_--0,AVG
RTX3070-SASS,54947840.0,2284544.0,40716288.0,51040.0,603570176.0,603734016.0,58464.0,72859648.0,7610564.0,6708224.0,59844.0,2949120.0,2949120.0,4272128.0,48750592.0,26768384.0,9657344.0,87526313.9

----------------------------------------------------------------------------------------------------,,,,,,,,,,,,,,,,,,
gpgpu_simulation_time\s*=.*\(([0-9]+) sec\).*,,,,,,,,,,,,,,,,,,
CFG,l1_bw_32f/__tpb_1024___tpsm_1024___blocks_1___ws_32--_Z5l1_bwPmS_PfPKf--0,l1_bw_64f/__tpb_1024___tpsm_1024___blocks_1___ws_32--_Z5l1_bwPmS_PdS0_--0,l1_bw_128/__tpb_1024___tpsm_1024___blocks_1___ws_32--_Z5l1_bwPmS_PfS0_--0,l1_lat/__blocks_1___ws_32--_Z6l1_latPjS_PmS0_--0,l2_bw_32f/__tpb_1024___tpsm_1024___blocks_160___ws_32--_Z5l2_bwPmS_PfS0_j--0,l2_bw_64f/__tpb_1024___tpsm_1024___blocks_160___l2_786432___ws_32--_Z5l2_bwPjS_PdS0_j--0,l2_lat/__tpb_1___tpsm_1___blocks_1___l2_786432___ws_32--_Z10l2_hit_latPjS_PmS0_--0,mem_bw/__tpb_1024___tpsm_1024___blocks_80___l2_1572864___ws_32___memclk_1132___membw_64--_Z6mem_bwPfS_S_S_S_S_PjS0_j--0,mem_lat/__tpb_1024___tpsm_1024___blocks_80___l2_1572864___ws_32___memclk_1132___membw_64--_Z7mem_latPjS_PmS0_j--0,shared_bw/__tpb_1024___tpsm_1024___blocks_1____ws_32--_Z9shared_bwPmS_Pjj--0,shared_lat/__blocks_1____ws_32--_Z10shared_latPjS_Pmj--0,shared_bank_conflicts/1--_Z18transposeCoalescedPfS_ii--0,shared_bank_conflicts/2--_Z24transposeNoBankConflictsPfS_ii--0,MaxIops_int32/__tpb_1024____blocks_1____ws_32--_Z9max_flopsIiEvPjS0_PT_S2_S2_--0,l1_shared_bw/__tpb_1024____blocks_1____ws_32--_Z9shared_bwPjS_S_S_j--0,l1_bw_32f_unroll/__tpb_1024___blocks_1____ws_32--_Z5l1_bwPjS_PfS0_--0,l1_bw_32f_unroll_large/NO_ARGS--_Z5l1_bwPjS_PfS0_--0,AVG
RTX3070-SASS,111.0,68.0,83.0,12.0,410.0,1516.0,33.0,46.0,15.0,44.0,22.0,6.0,3.0,20.0,126.0,57.0,36.0,153.4

----------------------------------------------------------------------------------------------------,,,,,,,,,,,,,,,,,,
gpu_tot_sim_cycle\s*=\s*(.*),,,,,,,,,,,,,,,,,,
CFG,l1_bw_32f/__tpb_1024___tpsm_1024___blocks_1___ws_32--_Z5l1_bwPmS_PfPKf--0,l1_bw_64f/__tpb_1024___tpsm_1024___blocks_1___ws_32--_Z5l1_bwPmS_PdS0_--0,l1_bw_128/__tpb_1024___tpsm_1024___blocks_1___ws_32--_Z5l1_bwPmS_PfS0_--0,l1_lat/__blocks_1___ws_32--_Z6l1_latPjS_PmS0_--0,l2_bw_32f/__tpb_1024___tpsm_1024___blocks_160___ws_32--_Z5l2_bwPmS_PfS0_j--0,l2_bw_64f/__tpb_1024___tpsm_1024___blocks_160___l2_786432___ws_32--_Z5l2_bwPjS_PdS0_j--0,l2_lat/__tpb_1___tpsm_1___blocks_1___l2_786432___ws_32--_Z10l2_hit_latPjS_PmS0_--0,mem_bw/__tpb_1024___tpsm_1024___blocks_80___l2_1572864___ws_32___memclk_1132___membw_64--_Z6mem_bwPfS_S_S_S_S_PjS0_j--0,mem_lat/__tpb_1024___tpsm_1024___blocks_80___l2_1572864___ws_32___memclk_1132___membw_64--_Z7mem_latPjS_PmS0_j--0,shared_bw/__tpb_1024___tpsm_1024___blocks_1____ws_32--_Z9shared_bwPmS_Pjj--0,shared_lat/__blocks_1____ws_32--_Z10shared_latPjS_Pmj--0,shared_bank_conflicts/1--_Z18transposeCoalescedPfS_ii--0,shared_bank_conflicts/2--_Z24transposeNoBankConflictsPfS_ii--0,MaxIops_int32/__tpb_1024____blocks_1____ws_32--_Z9max_flopsIiEvPjS0_PT_S2_S2_--0,l1_shared_bw/__tpb_1024____blocks_1____ws_32--_Z9shared_bwPjS_S_S_j--0,l1_bw_32f_unroll/__tpb_1024___blocks_1____ws_32--_Z5l1_bwPjS_PfS0_--0,l1_bw_32f_unroll_large/NO_ARGS--_Z5l1_bwPjS_PfS0_--0,AVG
RTX3070-SASS,588531.0,309732.0,343929.0,58614.0,150276.0,1268036.0,163249.0,19761.0,43223.0,215426.0,95446.0,6091.0,6091.0,86746.0,823437.0,292756.0,143824.0,271480.5

----------------------------------------------------------------------------------------------------,,,,,,,,,,,,,,,,,,
\s+L2_cache_stats_breakdown\[GLOBAL_ACC_R\]\[HIT\]\s*=\s*(.*),,,,,,,,,,,,,,,,,,
CFG,l1_bw_32f/__tpb_1024___tpsm_1024___blocks_1___ws_32--_Z5l1_bwPmS_PfPKf--0,l1_bw_64f/__tpb_1024___tpsm_1024___blocks_1___ws_32--_Z5l1_bwPmS_PdS0_--0,l1_bw_128/__tpb_1024___tpsm_1024___blocks_1___ws_32--_Z5l1_bwPmS_PfS0_--0,l1_lat/__blocks_1___ws_32--_Z6l1_latPjS_PmS0_--0,l2_bw_32f/__tpb_1024___tpsm_1024___blocks_160___ws_32--_Z5l2_bwPmS_PfS0_j--0,l2_bw_64f/__tpb_1024___tpsm_1024___blocks_160___l2_786432___ws_32--_Z5l2_bwPjS_PdS0_j--0,l2_lat/__tpb_1___tpsm_1___blocks_1___l2_786432___ws_32--_Z10l2_hit_latPjS_PmS0_--0,mem_bw/__tpb_1024___tpsm_1024___blocks_80___l2_1572864___ws_32___memclk_1132___membw_64--_Z6mem_bwPfS_S_S_S_S_PjS0_j--0,mem_lat/__tpb_1024___tpsm_1024___blocks_80___l2_1572864___ws_32___memclk_1132___membw_64--_Z7mem_latPjS_PmS0_j--0,shared_bw/__tpb_1024___tpsm_1024___blocks_1____ws_32--_Z9shared_bwPmS_Pjj--0,shared_lat/__blocks_1____ws_32--_Z10shared_latPjS_Pmj--0,shared_bank_conflicts/1--_Z18transposeCoalescedPfS_ii--0,shared_bank_conflicts/2--_Z24transposeNoBankConflictsPfS_ii--0,MaxIops_int32/__tpb_1024____blocks_1____ws_32--_Z9max_flopsIiEvPjS0_PT_S2_S2_--0,l1_shared_bw/__tpb_1024____blocks_1____ws_32--_Z9shared_bwPjS_S_S_j--0,l1_bw_32f_unroll/__tpb_1024___blocks_1____ws_32--_Z5l1_bwPjS_PfS0_--0,l1_bw_32f_unroll_large/NO_ARGS--_Z5l1_bwPjS_PfS0_--0,AVG
RTX3070-SASS,NA,NA,NA,NA,NA,NA,NA,NA,NA,NA,NA,NA,NA,NA,NA,NA,NA,NA

----------------------------------------------------------------------------------------------------,,,,,,,,,,,,,,,,,,
\s+L2_cache_stats_breakdown\[GLOBAL_ACC_R\]\[TOTAL_ACCESS\]\s*=\s*(.*),,,,,,,,,,,,,,,,,,
CFG,l1_bw_32f/__tpb_1024___tpsm_1024___blocks_1___ws_32--_Z5l1_bwPmS_PfPKf--0,l1_bw_64f/__tpb_1024___tpsm_1024___blocks_1___ws_32--_Z5l1_bwPmS_PdS0_--0,l1_bw_128/__tpb_1024___tpsm_1024___blocks_1___ws_32--_Z5l1_bwPmS_PfS0_--0,l1_lat/__blocks_1___ws_32--_Z6l1_latPjS_PmS0_--0,l2_bw_32f/__tpb_1024___tpsm_1024___blocks_160___ws_32--_Z5l2_bwPmS_PfS0_j--0,l2_bw_64f/__tpb_1024___tpsm_1024___blocks_160___l2_786432___ws_32--_Z5l2_bwPjS_PdS0_j--0,l2_lat/__tpb_1___tpsm_1___blocks_1___l2_786432___ws_32--_Z10l2_hit_latPjS_PmS0_--0,mem_bw/__tpb_1024___tpsm_1024___blocks_80___l2_1572864___ws_32___memclk_1132___membw_64--_Z6mem_bwPfS_S_S_S_S_PjS0_j--0,mem_lat/__tpb_1024___tpsm_1024___blocks_80___l2_1572864___ws_32___memclk_1132___membw_64--_Z7mem_latPjS_PmS0_j--0,shared_bw/__tpb_1024___tpsm_1024___blocks_1____ws_32--_Z9shared_bwPmS_Pjj--0,shared_lat/__blocks_1____ws_32--_Z10shared_latPjS_Pmj--0,shared_bank_conflicts/1--_Z18transposeCoalescedPfS_ii--0,shared_bank_conflicts/2--_Z24transposeNoBankConflictsPfS_ii--0,MaxIops_int32/__tpb_1024____blocks_1____ws_32--_Z9max_flopsIiEvPjS0_PT_S2_S2_--0,l1_shared_bw/__tpb_1024____blocks_1____ws_32--_Z9shared_bwPjS_S_S_j--0,l1_bw_32f_unroll/__tpb_1024___blocks_1____ws_32--_Z5l1_bwPjS_PfS0_--0,l1_bw_32f_unroll_large/NO_ARGS--_Z5l1_bwPjS_PfS0_--0,AVG
RTX3070-SASS,NA,NA,NA,NA,NA,NA,NA,NA,NA,NA,NA,NA,NA,NA,NA,NA,NA,NA

----------------------------------------------------------------------------------------------------,,,,,,,,,,,,,,,,,,
\s+L2_cache_stats_breakdown\[GLOBAL_ACC_W\]\[HIT\]\s*=\s*(.*),,,,,,,,,,,,,,,,,,
CFG,l1_bw_32f/__tpb_1024___tpsm_1024___blocks_1___ws_32--_Z5l1_bwPmS_PfPKf--0,l1_bw_64f/__tpb_1024___tpsm_1024___blocks_1___ws_32--_Z5l1_bwPmS_PdS0_--0,l1_bw_128/__tpb_1024___tpsm_1024___blocks_1___ws_32--_Z5l1_bwPmS_PfS0_--0,l1_lat/__blocks_1___ws_32--_Z6l1_latPjS_PmS0_--0,l2_bw_32f/__tpb_1024___tpsm_1024___blocks_160___ws_32--_Z5l2_bwPmS_PfS0_j--0,l2_bw_64f/__tpb_1024___tpsm_1024___blocks_160___l2_786432___ws_32--_Z5l2_bwPjS_PdS0_j--0,l2_lat/__tpb_1___tpsm_1___blocks_1___l2_786432___ws_32--_Z10l2_hit_latPjS_PmS0_--0,mem_bw/__tpb_1024___tpsm_1024___blocks_80___l2_1572864___ws_32___memclk_1132___membw_64--_Z6mem_bwPfS_S_S_S_S_PjS0_j--0,mem_lat/__tpb_1024___tpsm_1024___blocks_80___l2_1572864___ws_32___memclk_1132___membw_64--_Z7mem_latPjS_PmS0_j--0,shared_bw/__tpb_1024___tpsm_1024___blocks_1____ws_32--_Z9shared_bwPmS_Pjj--0,shared_lat/__blocks_1____ws_32--_Z10shared_latPjS_Pmj--0,shared_bank_conflicts/1--_Z18transposeCoalescedPfS_ii--0,shared_bank_conflicts/2--_Z24transposeNoBankConflictsPfS_ii--0,MaxIops_int32/__tpb_1024____blocks_1____ws_32--_Z9max_flopsIiEvPjS0_PT_S2_S2_--0,l1_shared_bw/__tpb_1024____blocks_1____ws_32--_Z9shared_bwPjS_S_S_j--0,l1_bw_32f_unroll/__tpb_1024___blocks_1____ws_32--_Z5l1_bwPjS_PfS0_--0,l1_bw_32f_unroll_large/NO_ARGS--_Z5l1_bwPjS_PfS0_--0,AVG
RTX3070-SASS,NA,NA,NA,NA,NA,NA,NA,NA,NA,NA,NA,NA,NA,NA,NA,NA,NA,NA

----------------------------------------------------------------------------------------------------,,,,,,,,,,,,,,,,,,
\s+L2_cache_stats_breakdown\[GLOBAL_ACC_W\]\[TOTAL_ACCESS\]\s*=\s*(.*),,,,,,,,,,,,,,,,,,
CFG,l1_bw_32f/__tpb_1024___tpsm_1024___blocks_1___ws_32--_Z5l1_bwPmS_PfPKf--0,l1_bw_64f/__tpb_1024___tpsm_1024___blocks_1___ws_32--_Z5l1_bwPmS_PdS0_--0,l1_bw_128/__tpb_1024___tpsm_1024___blocks_1___ws_32--_Z5l1_bwPmS_PfS0_--0,l1_lat/__blocks_1___ws_32--_Z6l1_latPjS_PmS0_--0,l2_bw_32f/__tpb_1024___tpsm_1024___blocks_160___ws_32--_Z5l2_bwPmS_PfS0_j--0,l2_bw_64f/__tpb_1024___tpsm_1024___blocks_160___l2_786432___ws_32--_Z5l2_bwPjS_PdS0_j--0,l2_lat/__tpb_1___tpsm_1___blocks_1___l2_786432___ws_32--_Z10l2_hit_latPjS_PmS0_--0,mem_bw/__tpb_1024___tpsm_1024___blocks_80___l2_1572864___ws_32___memclk_1132___membw_64--_Z6mem_bwPfS_S_S_S_S_PjS0_j--0,mem_lat/__tpb_1024___tpsm_1024___blocks_80___l2_1572864___ws_32___memclk_1132___membw_64--_Z7mem_latPjS_PmS0_j--0,shared_bw/__tpb_1024___tpsm_1024___blocks_1____ws_32--_Z9shared_bwPmS_Pjj--0,shared_lat/__blocks_1____ws_32--_Z10shared_latPjS_Pmj--0,shared_bank_conflicts/1--_Z18transposeCoalescedPfS_ii--0,shared_bank_conflicts/2--_Z24transposeNoBankConflictsPfS_ii--0,MaxIops_int32/__tpb_1024____blocks_1____ws_32--_Z9max_flopsIiEvPjS0_PT_S2_S2_--0,l1_shared_bw/__tpb_1024____blocks_1____ws_32--_Z9shared_bwPjS_S_S_j--0,l1_bw_32f_unroll/__tpb_1024___blocks_1____ws_32--_Z5l1_bwPjS_PfS0_--0,l1_bw_32f_unroll_large/NO_ARGS--_Z5l1_bwPjS_PfS0_--0,AVG
RTX3070-SASS,NA,NA,NA,NA,NA,NA,NA,NA,NA,NA,NA,NA,NA,NA,NA,NA,NA,NA

----------------------------------------------------------------------------------------------------,,,,,,,,,,,,,,,,,,
\s+Total_core_cache_stats_breakdown\[GLOBAL_ACC_R\]\[TOTAL_ACCESS\]\s*=\s*(.*),,,,,,,,,,,,,,,,,,
CFG,l1_bw_32f/__tpb_1024___tpsm_1024___blocks_1___ws_32--_Z5l1_bwPmS_PfPKf--0,l1_bw_64f/__tpb_1024___tpsm_1024___blocks_1___ws_32--_Z5l1_bwPmS_PdS0_--0,l1_bw_128/__tpb_1024___tpsm_1024___blocks_1___ws_32--_Z5l1_bwPmS_PfS0_--0,l1_lat/__blocks_1___ws_32--_Z6l1_latPjS_PmS0_--0,l2_bw_32f/__tpb_1024___tpsm_1024___blocks_160___ws_32--_Z5l2_bwPmS_PfS0_j--0,l2_bw_64f/__tpb_1024___tpsm_1024___blocks_160___l2_786432___ws_32--_Z5l2_bwPjS_PdS0_j--0,l2_lat/__tpb_1___tpsm_1___blocks_1___l2_786432___ws_32--_Z10l2_hit_latPjS_PmS0_--0,mem_bw/__tpb_1024___tpsm_1024___blocks_80___l2_1572864___ws_32___memclk_1132___membw_64--_Z6mem_bwPfS_S_S_S_S_PjS0_j--0,mem_lat/__tpb_1024___tpsm_1024___blocks_80___l2_1572864___ws_32___memclk_1132___membw_64--_Z7mem_latPjS_PmS0_j--0,shared_bw/__tpb_1024___tpsm_1024___blocks_1____ws_32--_Z9shared_bwPmS_Pjj--0,shared_lat/__blocks_1____ws_32--_Z10shared_latPjS_Pmj--0,shared_bank_conflicts/1--_Z18transposeCoalescedPfS_ii--0,shared_bank_conflicts/2--_Z24transposeNoBankConflictsPfS_ii--0,MaxIops_int32/__tpb_1024____blocks_1____ws_32--_Z9max_flopsIiEvPjS0_PT_S2_S2_--0,l1_shared_bw/__tpb_1024____blocks_1____ws_32--_Z9shared_bwPjS_S_S_j--0,l1_bw_32f_unroll/__tpb_1024___blocks_1____ws_32--_Z5l1_bwPjS_PfS0_--0,l1_bw_32f_unroll_large/NO_ARGS--_Z5l1_bwPjS_PfS0_--0,AVG
RTX3070-SASS,NA,NA,NA,NA,NA,NA,NA,NA,NA,NA,NA,NA,NA,NA,NA,NA,NA,NA

----------------------------------------------------------------------------------------------------,,,,,,,,,,,,,,,,,,
\s+Total_core_cache_stats_breakdown\[GLOBAL_ACC_R\]\[HIT\]\s*=\s*(.*),,,,,,,,,,,,,,,,,,
CFG,l1_bw_32f/__tpb_1024___tpsm_1024___blocks_1___ws_32--_Z5l1_bwPmS_PfPKf--0,l1_bw_64f/__tpb_1024___tpsm_1024___blocks_1___ws_32--_Z5l1_bwPmS_PdS0_--0,l1_bw_128/__tpb_1024___tpsm_1024___blocks_1___ws_32--_Z5l1_bwPmS_PfS0_--0,l1_lat/__blocks_1___ws_32--_Z6l1_latPjS_PmS0_--0,l2_bw_32f/__tpb_1024___tpsm_1024___blocks_160___ws_32--_Z5l2_bwPmS_PfS0_j--0,l2_bw_64f/__tpb_1024___tpsm_1024___blocks_160___l2_786432___ws_32--_Z5l2_bwPjS_PdS0_j--0,l2_lat/__tpb_1___tpsm_1___blocks_1___l2_786432___ws_32--_Z10l2_hit_latPjS_PmS0_--0,mem_bw/__tpb_1024___tpsm_1024___blocks_80___l2_1572864___ws_32___memclk_1132___membw_64--_Z6mem_bwPfS_S_S_S_S_PjS0_j--0,mem_lat/__tpb_1024___tpsm_1024___blocks_80___l2_1572864___ws_32___memclk_1132___membw_64--_Z7mem_latPjS_PmS0_j--0,shared_bw/__tpb_1024___tpsm_1024___blocks_1____ws_32--_Z9shared_bwPmS_Pjj--0,shared_lat/__blocks_1____ws_32--_Z10shared_latPjS_Pmj--0,shared_bank_conflicts/1--_Z18transposeCoalescedPfS_ii--0,shared_bank_conflicts/2--_Z24transposeNoBankConflictsPfS_ii--0,MaxIops_int32/__tpb_1024____blocks_1____ws_32--_Z9max_flopsIiEvPjS0_PT_S2_S2_--0,l1_shared_bw/__tpb_1024____blocks_1____ws_32--_Z9shared_bwPjS_S_S_j--0,l1_bw_32f_unroll/__tpb_1024___blocks_1____ws_32--_Z5l1_bwPjS_PfS0_--0,l1_bw_32f_unroll_large/NO_ARGS--_Z5l1_bwPjS_PfS0_--0,AVG
RTX3070-SASS,NA,NA,NA,NA,NA,NA,NA,NA,NA,NA,NA,NA,NA,NA,NA,NA,NA,NA

----------------------------------------------------------------------------------------------------,,,,,,,,,,,,,,,,,,
\s+Total_core_cache_stats_breakdown\[GLOBAL_ACC_W\]\[HIT\]\s*=\s*(.*),,,,,,,,,,,,,,,,,,
CFG,l1_bw_32f/__tpb_1024___tpsm_1024___blocks_1___ws_32--_Z5l1_bwPmS_PfPKf--0,l1_bw_64f/__tpb_1024___tpsm_1024___blocks_1___ws_32--_Z5l1_bwPmS_PdS0_--0,l1_bw_128/__tpb_1024___tpsm_1024___blocks_1___ws_32--_Z5l1_bwPmS_PfS0_--0,l1_lat/__blocks_1___ws_32--_Z6l1_latPjS_PmS0_--0,l2_bw_32f/__tpb_1024___tpsm_1024___blocks_160___ws_32--_Z5l2_bwPmS_PfS0_j--0,l2_bw_64f/__tpb_1024___tpsm_1024___blocks_160___l2_786432___ws_32--_Z5l2_bwPjS_PdS0_j--0,l2_lat/__tpb_1___tpsm_1___blocks_1___l2_786432___ws_32--_Z10l2_hit_latPjS_PmS0_--0,mem_bw/__tpb_1024___tpsm_1024___blocks_80___l2_1572864___ws_32___memclk_1132___membw_64--_Z6mem_bwPfS_S_S_S_S_PjS0_j--0,mem_lat/__tpb_1024___tpsm_1024___blocks_80___l2_1572864___ws_32___memclk_1132___membw_64--_Z7mem_latPjS_PmS0_j--0,shared_bw/__tpb_1024___tpsm_1024___blocks_1____ws_32--_Z9shared_bwPmS_Pjj--0,shared_lat/__blocks_1____ws_32--_Z10shared_latPjS_Pmj--0,shared_bank_conflicts/1--_Z18transposeCoalescedPfS_ii--0,shared_bank_conflicts/2--_Z24transposeNoBankConflictsPfS_ii--0,MaxIops_int32/__tpb_1024____blocks_1____ws_32--_Z9max_flopsIiEvPjS0_PT_S2_S2_--0,l1_shared_bw/__tpb_1024____blocks_1____ws_32--_Z9shared_bwPjS_S_S_j--0,l1_bw_32f_unroll/__tpb_1024___blocks_1____ws_32--_Z5l1_bwPjS_PfS0_--0,l1_bw_32f_unroll_large/NO_ARGS--_Z5l1_bwPjS_PfS0_--0,AVG
RTX3070-SASS,NA,NA,NA,NA,NA,NA,NA,NA,NA,NA,NA,NA,NA,NA,NA,NA,NA,NA

----------------------------------------------------------------------------------------------------,,,,,,,,,,,,,,,,,,
\s+Total_core_cache_stats_breakdown\[GLOBAL_ACC_W\]\[TOTAL_ACCESS\]\s*=\s*(.*),,,,,,,,,,,,,,,,,,
CFG,l1_bw_32f/__tpb_1024___tpsm_1024___blocks_1___ws_32--_Z5l1_bwPmS_PfPKf--0,l1_bw_64f/__tpb_1024___tpsm_1024___blocks_1___ws_32--_Z5l1_bwPmS_PdS0_--0,l1_bw_128/__tpb_1024___tpsm_1024___blocks_1___ws_32--_Z5l1_bwPmS_PfS0_--0,l1_lat/__blocks_1___ws_32--_Z6l1_latPjS_PmS0_--0,l2_bw_32f/__tpb_1024___tpsm_1024___blocks_160___ws_32--_Z5l2_bwPmS_PfS0_j--0,l2_bw_64f/__tpb_1024___tpsm_1024___blocks_160___l2_786432___ws_32--_Z5l2_bwPjS_PdS0_j--0,l2_lat/__tpb_1___tpsm_1___blocks_1___l2_786432___ws_32--_Z10l2_hit_latPjS_PmS0_--0,mem_bw/__tpb_1024___tpsm_1024___blocks_80___l2_1572864___ws_32___memclk_1132___membw_64--_Z6mem_bwPfS_S_S_S_S_PjS0_j--0,mem_lat/__tpb_1024___tpsm_1024___blocks_80___l2_1572864___ws_32___memclk_1132___membw_64--_Z7mem_latPjS_PmS0_j--0,shared_bw/__tpb_1024___tpsm_1024___blocks_1____ws_32--_Z9shared_bwPmS_Pjj--0,shared_lat/__blocks_1____ws_32--_Z10shared_latPjS_Pmj--0,shared_bank_conflicts/1--_Z18transposeCoalescedPfS_ii--0,shared_bank_conflicts/2--_Z24transposeNoBankConflictsPfS_ii--0,MaxIops_int32/__tpb_1024____blocks_1____ws_32--_Z9max_flopsIiEvPjS0_PT_S2_S2_--0,l1_shared_bw/__tpb_1024____blocks_1____ws_32--_Z9shared_bwPjS_S_S_j--0,l1_bw_32f_unroll/__tpb_1024___blocks_1____ws_32--_Z5l1_bwPjS_PfS0_--0,l1_bw_32f_unroll_large/NO_ARGS--_Z5l1_bwPjS_PfS0_--0,AVG
RTX3070-SASS,NA,NA,NA,NA,NA,NA,NA,NA,NA,NA,NA,NA,NA,NA,NA,NA,NA,NA

----------------------------------------------------------------------------------------------------,,,,,,,,,,,,,,,,,,
\s+Total_core_cache_stats_breakdown\[GLOBAL_ACC_R\]\[MSHR_HIT\]\s*=\s*(.*),,,,,,,,,,,,,,,,,,
CFG,l1_bw_32f/__tpb_1024___tpsm_1024___blocks_1___ws_32--_Z5l1_bwPmS_PfPKf--0,l1_bw_64f/__tpb_1024___tpsm_1024___blocks_1___ws_32--_Z5l1_bwPmS_PdS0_--0,l1_bw_128/__tpb_1024___tpsm_1024___blocks_1___ws_32--_Z5l1_bwPmS_PfS0_--0,l1_lat/__blocks_1___ws_32--_Z6l1_latPjS_PmS0_--0,l2_bw_32f/__tpb_1024___tpsm_1024___blocks_160___ws_32--_Z5l2_bwPmS_PfS0_j--0,l2_bw_64f/__tpb_1024___tpsm_1024___blocks_160___l2_786432___ws_32--_Z5l2_bwPjS_PdS0_j--0,l2_lat/__tpb_1___tpsm_1___blocks_1___l2_786432___ws_32--_Z10l2_hit_latPjS_PmS0_--0,mem_bw/__tpb_1024___tpsm_1024___blocks_80___l2_1572864___ws_32___memclk_1132___membw_64--_Z6mem_bwPfS_S_S_S_S_PjS0_j--0,mem_lat/__tpb_1024___tpsm_1024___blocks_80___l2_1572864___ws_32___memclk_1132___membw_64--_Z7mem_latPjS_PmS0_j--0,shared_bw/__tpb_1024___tpsm_1024___blocks_1____ws_32--_Z9shared_bwPmS_Pjj--0,shared_lat/__blocks_1____ws_32--_Z10shared_latPjS_Pmj--0,shared_bank_conflicts/1--_Z18transposeCoalescedPfS_ii--0,shared_bank_conflicts/2--_Z24transposeNoBankConflictsPfS_ii--0,MaxIops_int32/__tpb_1024____blocks_1____ws_32--_Z9max_flopsIiEvPjS0_PT_S2_S2_--0,l1_shared_bw/__tpb_1024____blocks_1____ws_32--_Z9shared_bwPjS_S_S_j--0,l1_bw_32f_unroll/__tpb_1024___blocks_1____ws_32--_Z5l1_bwPjS_PfS0_--0,l1_bw_32f_unroll_large/NO_ARGS--_Z5l1_bwPjS_PfS0_--0,AVG
RTX3070-SASS,NA,NA,NA,NA,NA,NA,NA,NA,NA,NA,NA,NA,NA,NA,NA,NA,NA,NA

----------------------------------------------------------------------------------------------------,,,,,,,,,,,,,,,,,,
gpgpu_n_tot_w_icount\s*=\s*(.*),,,,,,,,,,,,,,,,,,
CFG,l1_bw_32f/__tpb_1024___tpsm_1024___blocks_1___ws_32--_Z5l1_bwPmS_PfPKf--0,l1_bw_64f/__tpb_1024___tpsm_1024___blocks_1___ws_32--_Z5l1_bwPmS_PdS0_--0,l1_bw_128/__tpb_1024___tpsm_1024___blocks_1___ws_32--_Z5l1_bwPmS_PfS0_--0,l1_lat/__blocks_1___ws_32--_Z6l1_latPjS_PmS0_--0,l2_bw_32f/__tpb_1024___tpsm_1024___blocks_160___ws_32--_Z5l2_bwPmS_PfS0_j--0,l2_bw_64f/__tpb_1024___tpsm_1024___blocks_160___l2_786432___ws_32--_Z5l2_bwPjS_PdS0_j--0,l2_lat/__tpb_1___tpsm_1___blocks_1___l2_786432___ws_32--_Z10l2_hit_latPjS_PmS0_--0,mem_bw/__tpb_1024___tpsm_1024___blocks_80___l2_1572864___ws_32___memclk_1132___membw_64--_Z6mem_bwPfS_S_S_S_S_PjS0_j--0,mem_lat/__tpb_1024___tpsm_1024___blocks_80___l2_1572864___ws_32___memclk_1132___membw_64--_Z7mem_latPjS_PmS0_j--0,shared_bw/__tpb_1024___tpsm_1024___blocks_1____ws_32--_Z9shared_bwPmS_Pjj--0,shared_lat/__blocks_1____ws_32--_Z10shared_latPjS_Pmj--0,shared_bank_conflicts/1--_Z18transposeCoalescedPfS_ii--0,shared_bank_conflicts/2--_Z24transposeNoBankConflictsPfS_ii--0,MaxIops_int32/__tpb_1024____blocks_1____ws_32--_Z9max_flopsIiEvPjS0_PT_S2_S2_--0,l1_shared_bw/__tpb_1024____blocks_1____ws_32--_Z9shared_bwPjS_S_S_j--0,l1_bw_32f_unroll/__tpb_1024___blocks_1____ws_32--_Z5l1_bwPjS_PfS0_--0,l1_bw_32f_unroll_large/NO_ARGS--_Z5l1_bwPjS_PfS0_--0,AVG
RTX3070-SASS,1717184.0,71456.0,1272480.0,51041.0,18876928.0,18882048.0,58465.0,2281984.0,251975.0,209728.0,5949.0,92160.0,92160.0,133504.0,1523584.0,836608.0,302560.0,2744694.9

----------------------------------------------------------------------------------------------------,,,,,,,,,,,,,,,,,,
total dram reads\s*=\s*(.*),,,,,,,,,,,,,,,,,,
CFG,l1_bw_32f/__tpb_1024___tpsm_1024___blocks_1___ws_32--_Z5l1_bwPmS_PfPKf--0,l1_bw_64f/__tpb_1024___tpsm_1024___blocks_1___ws_32--_Z5l1_bwPmS_PdS0_--0,l1_bw_128/__tpb_1024___tpsm_1024___blocks_1___ws_32--_Z5l1_bwPmS_PfS0_--0,l1_lat/__blocks_1___ws_32--_Z6l1_latPjS_PmS0_--0,l2_bw_32f/__tpb_1024___tpsm_1024___blocks_160___ws_32--_Z5l2_bwPmS_PfS0_j--0,l2_bw_64f/__tpb_1024___tpsm_1024___blocks_160___l2_786432___ws_32--_Z5l2_bwPjS_PdS0_j--0,l2_lat/__tpb_1___tpsm_1___blocks_1___l2_786432___ws_32--_Z10l2_hit_latPjS_PmS0_--0,mem_bw/__tpb_1024___tpsm_1024___blocks_80___l2_1572864___ws_32___memclk_1132___membw_64--_Z6mem_bwPfS_S_S_S_S_PjS0_j--0,mem_lat/__tpb_1024___tpsm_1024___blocks_80___l2_1572864___ws_32___memclk_1132___membw_64--_Z7mem_latPjS_PmS0_j--0,shared_bw/__tpb_1024___tpsm_1024___blocks_1____ws_32--_Z9shared_bwPmS_Pjj--0,shared_lat/__blocks_1____ws_32--_Z10shared_latPjS_Pmj--0,shared_bank_conflicts/1--_Z18transposeCoalescedPfS_ii--0,shared_bank_conflicts/2--_Z24transposeNoBankConflictsPfS_ii--0,MaxIops_int32/__tpb_1024____blocks_1____ws_32--_Z9max_flopsIiEvPjS0_PT_S2_S2_--0,l1_shared_bw/__tpb_1024____blocks_1____ws_32--_Z9shared_bwPjS_S_S_j--0,l1_bw_32f_unroll/__tpb_1024___blocks_1____ws_32--_Z5l1_bwPjS_PfS0_--0,l1_bw_32f_unroll_large/NO_ARGS--_Z5l1_bwPjS_PfS0_--0,AVG
RTX3070-SASS,0.0,0.0,0.0,0.0,0.0,0.0,0.0,0.0,0.0,0.0,0.0,0.0,0.0,0.0,0.0,0.0,0.0,0.0

----------------------------------------------------------------------------------------------------,,,,,,,,,,,,,,,,,,
total dram writes\s*=\s*(.*),,,,,,,,,,,,,,,,,,
CFG,l1_bw_32f/__tpb_1024___tpsm_1024___blocks_1___ws_32--_Z5l1_bwPmS_PfPKf--0,l1_bw_64f/__tpb_1024___tpsm_1024___blocks_1___ws_32--_Z5l1_bwPmS_PdS0_--0,l1_bw_128/__tpb_1024___tpsm_1024___blocks_1___ws_32--_Z5l1_bwPmS_PfS0_--0,l1_lat/__blocks_1___ws_32--_Z6l1_latPjS_PmS0_--0,l2_bw_32f/__tpb_1024___tpsm_1024___blocks_160___ws_32--_Z5l2_bwPmS_PfS0_j--0,l2_bw_64f/__tpb_1024___tpsm_1024___blocks_160___l2_786432___ws_32--_Z5l2_bwPjS_PdS0_j--0,l2_lat/__tpb_1___tpsm_1___blocks_1___l2_786432___ws_32--_Z10l2_hit_latPjS_PmS0_--0,mem_bw/__tpb_1024___tpsm_1024___blocks_80___l2_1572864___ws_32___memclk_1132___membw_64--_Z6mem_bwPfS_S_S_S_S_PjS0_j--0,mem_lat/__tpb_1024___tpsm_1024___blocks_80___l2_1572864___ws_32___memclk_1132___membw_64--_Z7mem_latPjS_PmS0_j--0,shared_bw/__tpb_1024___tpsm_1024___blocks_1____ws_32--_Z9shared_bwPmS_Pjj--0,shared_lat/__blocks_1____ws_32--_Z10shared_latPjS_Pmj--0,shared_bank_conflicts/1--_Z18transposeCoalescedPfS_ii--0,shared_bank_conflicts/2--_Z24transposeNoBankConflictsPfS_ii--0,MaxIops_int32/__tpb_1024____blocks_1____ws_32--_Z9max_flopsIiEvPjS0_PT_S2_S2_--0,l1_shared_bw/__tpb_1024____blocks_1____ws_32--_Z9shared_bwPjS_S_S_j--0,l1_bw_32f_unroll/__tpb_1024___blocks_1____ws_32--_Z5l1_bwPjS_PfS0_--0,l1_bw_32f_unroll_large/NO_ARGS--_Z5l1_bwPjS_PfS0_--0,AVG
RTX3070-SASS,0.0,0.0,0.0,0.0,0.0,0.0,0.0,0.0,0.0,0.0,0.0,0.0,0.0,0.0,0.0,0.0,0.0,0.0

----------------------------------------------------------------------------------------------------,,,,,,,,,,,,,,,,,,
kernel_launch_uid\s*=\s*(.*),,,,,,,,,,,,,,,,,,
CFG,l1_bw_32f/__tpb_1024___tpsm_1024___blocks_1___ws_32--_Z5l1_bwPmS_PfPKf--0,l1_bw_64f/__tpb_1024___tpsm_1024___blocks_1___ws_32--_Z5l1_bwPmS_PdS0_--0,l1_bw_128/__tpb_1024___tpsm_1024___blocks_1___ws_32--_Z5l1_bwPmS_PfS0_--0,l1_lat/__blocks_1___ws_32--_Z6l1_latPjS_PmS0_--0,l2_bw_32f/__tpb_1024___tpsm_1024___blocks_160___ws_32--_Z5l2_bwPmS_PfS0_j--0,l2_bw_64f/__tpb_1024___tpsm_1024___blocks_160___l2_786432___ws_32--_Z5l2_bwPjS_PdS0_j--0,l2_lat/__tpb_1___tpsm_1___blocks_1___l2_786432___ws_32--_Z10l2_hit_latPjS_PmS0_--0,mem_bw/__tpb_1024___tpsm_1024___blocks_80___l2_1572864___ws_32___memclk_1132___membw_64--_Z6mem_bwPfS_S_S_S_S_PjS0_j--0,mem_lat/__tpb_1024___tpsm_1024___blocks_80___l2_1572864___ws_32___memclk_1132___membw_64--_Z7mem_latPjS_PmS0_j--0,shared_bw/__tpb_1024___tpsm_1024___blocks_1____ws_32--_Z9shared_bwPmS_Pjj--0,shared_lat/__blocks_1____ws_32--_Z10shared_latPjS_Pmj--0,shared_bank_conflicts/1--_Z18transposeCoalescedPfS_ii--0,shared_bank_conflicts/2--_Z24transposeNoBankConflictsPfS_ii--0,MaxIops_int32/__tpb_1024____blocks_1____ws_32--_Z9max_flopsIiEvPjS0_PT_S2_S2_--0,l1_shared_bw/__tpb_1024____blocks_1____ws_32--_Z9shared_bwPjS_S_S_j--0,l1_bw_32f_unroll/__tpb_1024___blocks_1____ws_32--_Z5l1_bwPjS_PfS0_--0,l1_bw_32f_unroll_large/NO_ARGS--_Z5l1_bwPjS_PfS0_--0,AVG
RTX3070-SASS,1.0,1.0,1.0,1.0,1.0,1.0,1.0,1.0,1.0,1.0,1.0,1.0,1.0,1.0,1.0,1.0,1.0,1.0

----------------------------------------------------------------------------------------------------,,,,,,,,,,,,,,,,,,
gpgpu_n_shmem_bkconflict\s*=\s*(.*),,,,,,,,,,,,,,,,,,
CFG,l1_bw_32f/__tpb_1024___tpsm_1024___blocks_1___ws_32--_Z5l1_bwPmS_PfPKf--0,l1_bw_64f/__tpb_1024___tpsm_1024___blocks_1___ws_32--_Z5l1_bwPmS_PdS0_--0,l1_bw_128/__tpb_1024___tpsm_1024___blocks_1___ws_32--_Z5l1_bwPmS_PfS0_--0,l1_lat/__blocks_1___ws_32--_Z6l1_latPjS_PmS0_--0,l2_bw_32f/__tpb_1024___tpsm_1024___blocks_160___ws_32--_Z5l2_bwPmS_PfS0_j--0,l2_bw_64f/__tpb_1024___tpsm_1024___blocks_160___l2_786432___ws_32--_Z5l2_bwPjS_PdS0_j--0,l2_lat/__tpb_1___tpsm_1___blocks_1___l2_786432___ws_32--_Z10l2_hit_latPjS_PmS0_--0,mem_bw/__tpb_1024___tpsm_1024___blocks_80___l2_1572864___ws_32___memclk_1132___membw_64--_Z6mem_bwPfS_S_S_S_S_PjS0_j--0,mem_lat/__tpb_1024___tpsm_1024___blocks_80___l2_1572864___ws_32___memclk_1132___membw_64--_Z7mem_latPjS_PmS0_j--0,shared_bw/__tpb_1024___tpsm_1024___blocks_1____ws_32--_Z9shared_bwPmS_Pjj--0,shared_lat/__blocks_1____ws_32--_Z10shared_latPjS_Pmj--0,shared_bank_conflicts/1--_Z18transposeCoalescedPfS_ii--0,shared_bank_conflicts/2--_Z24transposeNoBankConflictsPfS_ii--0,MaxIops_int32/__tpb_1024____blocks_1____ws_32--_Z9max_flopsIiEvPjS0_PT_S2_S2_--0,l1_shared_bw/__tpb_1024____blocks_1____ws_32--_Z9shared_bwPjS_S_S_j--0,l1_bw_32f_unroll/__tpb_1024___blocks_1____ws_32--_Z5l1_bwPjS_PfS0_--0,l1_bw_32f_unroll_large/NO_ARGS--_Z5l1_bwPjS_PfS0_--0,AVG
RTX3070-SASS,0.0,0.0,0.0,0.0,0.0,0.0,0.0,0.0,0.0,0.0,0.0,0.0,0.0,0.0,0.0,0.0,0.0,0.0

----------------------------------------------------------------------------------------------------,,,,,,,,,,,,,,,,,,
gpgpu_n_l1cache_bkconflict\s*=\s*(.*),,,,,,,,,,,,,,,,,,
CFG,l1_bw_32f/__tpb_1024___tpsm_1024___blocks_1___ws_32--_Z5l1_bwPmS_PfPKf--0,l1_bw_64f/__tpb_1024___tpsm_1024___blocks_1___ws_32--_Z5l1_bwPmS_PdS0_--0,l1_bw_128/__tpb_1024___tpsm_1024___blocks_1___ws_32--_Z5l1_bwPmS_PfS0_--0,l1_lat/__blocks_1___ws_32--_Z6l1_latPjS_PmS0_--0,l2_bw_32f/__tpb_1024___tpsm_1024___blocks_160___ws_32--_Z5l2_bwPmS_PfS0_j--0,l2_bw_64f/__tpb_1024___tpsm_1024___blocks_160___l2_786432___ws_32--_Z5l2_bwPjS_PdS0_j--0,l2_lat/__tpb_1___tpsm_1___blocks_1___l2_786432___ws_32--_Z10l2_hit_latPjS_PmS0_--0,mem_bw/__tpb_1024___tpsm_1024___blocks_80___l2_1572864___ws_32___memclk_1132___membw_64--_Z6mem_bwPfS_S_S_S_S_PjS0_j--0,mem_lat/__tpb_1024___tpsm_1024___blocks_80___l2_1572864___ws_32___memclk_1132___membw_64--_Z7mem_latPjS_PmS0_j--0,shared_bw/__tpb_1024___tpsm_1024___blocks_1____ws_32--_Z9shared_bwPmS_Pjj--0,shared_lat/__blocks_1____ws_32--_Z10shared_latPjS_Pmj--0,shared_bank_conflicts/1--_Z18transposeCoalescedPfS_ii--0,shared_bank_conflicts/2--_Z24transposeNoBankConflictsPfS_ii--0,MaxIops_int32/__tpb_1024____blocks_1____ws_32--_Z9max_flopsIiEvPjS0_PT_S2_S2_--0,l1_shared_bw/__tpb_1024____blocks_1____ws_32--_Z9shared_bwPjS_S_S_j--0,l1_bw_32f_unroll/__tpb_1024___blocks_1____ws_32--_Z5l1_bwPjS_PfS0_--0,l1_bw_32f_unroll_large/NO_ARGS--_Z5l1_bwPjS_PfS0_--0,AVG
RTX3070-SASS,0.0,0.0,0.0,0.0,0.0,0.0,0.0,0.0,0.0,0.0,0.0,0.0,0.0,0.0,0.0,0.0,0.0,0.0

----------------------------------------------------------------------------------------------------,,,,,,,,,,,,,,,,,,
gpu_ipc\s*=\s*(.*),,,,,,,,,,,,,,,,,,
CFG,l1_bw_32f/__tpb_1024___tpsm_1024___blocks_1___ws_32--_Z5l1_bwPmS_PfPKf--0,l1_bw_64f/__tpb_1024___tpsm_1024___blocks_1___ws_32--_Z5l1_bwPmS_PdS0_--0,l1_bw_128/__tpb_1024___tpsm_1024___blocks_1___ws_32--_Z5l1_bwPmS_PfS0_--0,l1_lat/__blocks_1___ws_32--_Z6l1_latPjS_PmS0_--0,l2_bw_32f/__tpb_1024___tpsm_1024___blocks_160___ws_32--_Z5l2_bwPmS_PfS0_j--0,l2_bw_64f/__tpb_1024___tpsm_1024___blocks_160___l2_786432___ws_32--_Z5l2_bwPjS_PdS0_j--0,l2_lat/__tpb_1___tpsm_1___blocks_1___l2_786432___ws_32--_Z10l2_hit_latPjS_PmS0_--0,mem_bw/__tpb_1024___tpsm_1024___blocks_80___l2_1572864___ws_32___memclk_1132___membw_64--_Z6mem_bwPfS_S_S_S_S_PjS0_j--0,mem_lat/__tpb_1024___tpsm_1024___blocks_80___l2_1572864___ws_32___memclk_1132___membw_64--_Z7mem_latPjS_PmS0_j--0,shared_bw/__tpb_1024___tpsm_1024___blocks_1____ws_32--_Z9shared_bwPmS_Pjj--0,shared_lat/__blocks_1____ws_32--_Z10shared_latPjS_Pmj--0,shared_bank_conflicts/1--_Z18transposeCoalescedPfS_ii--0,shared_bank_conflicts/2--_Z24transposeNoBankConflictsPfS_ii--0,MaxIops_int32/__tpb_1024____blocks_1____ws_32--_Z9max_flopsIiEvPjS0_PT_S2_S2_--0,l1_shared_bw/__tpb_1024____blocks_1____ws_32--_Z9shared_bwPjS_S_S_j--0,l1_bw_32f_unroll/__tpb_1024___blocks_1____ws_32--_Z5l1_bwPjS_PfS0_--0,l1_bw_32f_unroll_large/NO_ARGS--_Z5l1_bwPjS_PfS0_--0,AVG
RTX3070-SASS,93.3644,7.3759,118.3857,0.8708,4016.4109,476.1174,0.3581,3687.0425,176.0767,31.1393,0.6270,484.1767,484.1767,49.2487,59.2038,91.4358,67.1470,579.0

----------------------------------------------------------------------------------------------------,,,,,,,,,,,,,,,,,,
gpu_occupancy\s*=\s*(.*)%,,,,,,,,,,,,,,,,,,
CFG,l1_bw_32f/__tpb_1024___tpsm_1024___blocks_1___ws_32--_Z5l1_bwPmS_PfPKf--0,l1_bw_64f/__tpb_1024___tpsm_1024___blocks_1___ws_32--_Z5l1_bwPmS_PdS0_--0,l1_bw_128/__tpb_1024___tpsm_1024___blocks_1___ws_32--_Z5l1_bwPmS_PfS0_--0,l1_lat/__blocks_1___ws_32--_Z6l1_latPjS_PmS0_--0,l2_bw_32f/__tpb_1024___tpsm_1024___blocks_160___ws_32--_Z5l2_bwPmS_PfS0_j--0,l2_bw_64f/__tpb_1024___tpsm_1024___blocks_160___l2_786432___ws_32--_Z5l2_bwPjS_PdS0_j--0,l2_lat/__tpb_1___tpsm_1___blocks_1___l2_786432___ws_32--_Z10l2_hit_latPjS_PmS0_--0,mem_bw/__tpb_1024___tpsm_1024___blocks_80___l2_1572864___ws_32___memclk_1132___membw_64--_Z6mem_bwPfS_S_S_S_S_PjS0_j--0,mem_lat/__tpb_1024___tpsm_1024___blocks_80___l2_1572864___ws_32___memclk_1132___membw_64--_Z7mem_latPjS_PmS0_j--0,shared_bw/__tpb_1024___tpsm_1024___blocks_1____ws_32--_Z9shared_bwPmS_Pjj--0,shared_lat/__blocks_1____ws_32--_Z10shared_latPjS_Pmj--0,shared_bank_conflicts/1--_Z18transposeCoalescedPfS_ii--0,shared_bank_conflicts/2--_Z24transposeNoBankConflictsPfS_ii--0,MaxIops_int32/__tpb_1024____blocks_1____ws_32--_Z9max_flopsIiEvPjS0_PT_S2_S2_--0,l1_shared_bw/__tpb_1024____blocks_1____ws_32--_Z9shared_bwPjS_S_S_j--0,l1_bw_32f_unroll/__tpb_1024___blocks_1____ws_32--_Z5l1_bwPjS_PfS0_--0,l1_bw_32f_unroll_large/NO_ARGS--_Z5l1_bwPjS_PfS0_--0,AVG
RTX3070-SASS,66.6647,66.6456,66.6643,2.0833,66.6655,66.6663,2.0833,66.6654,45.5399,66.6622,2.0833,85.7133,85.7133,66.6659,66.6666,66.6664,66.6634,56.3

----------------------------------------------------------------------------------------------------,,,,,,,,,,,,,,,,,,
L2_BW\s*=\s*(.*)\s*GB\/Sec,,,,,,,,,,,,,,,,,,
CFG,l1_bw_32f/__tpb_1024___tpsm_1024___blocks_1___ws_32--_Z5l1_bwPmS_PfPKf--0,l1_bw_64f/__tpb_1024___tpsm_1024___blocks_1___ws_32--_Z5l1_bwPmS_PdS0_--0,l1_bw_128/__tpb_1024___tpsm_1024___blocks_1___ws_32--_Z5l1_bwPmS_PfS0_--0,l1_lat/__blocks_1___ws_32--_Z6l1_latPjS_PmS0_--0,l2_bw_32f/__tpb_1024___tpsm_1024___blocks_160___ws_32--_Z5l2_bwPmS_PfS0_j--0,l2_bw_64f/__tpb_1024___tpsm_1024___blocks_160___l2_786432___ws_32--_Z5l2_bwPjS_PdS0_j--0,l2_lat/__tpb_1___tpsm_1___blocks_1___l2_786432___ws_32--_Z10l2_hit_latPjS_PmS0_--0,mem_bw/__tpb_1024___tpsm_1024___blocks_80___l2_1572864___ws_32___memclk_1132___membw_64--_Z6mem_bwPfS_S_S_S_S_PjS0_j--0,mem_lat/__tpb_1024___tpsm_1024___blocks_80___l2_1572864___ws_32___memclk_1132___membw_64--_Z7mem_latPjS_PmS0_j--0,shared_bw/__tpb_1024___tpsm_1024___blocks_1____ws_32--_Z9shared_bwPmS_Pjj--0,shared_lat/__blocks_1____ws_32--_Z10shared_latPjS_Pmj--0,shared_bank_conflicts/1--_Z18transposeCoalescedPfS_ii--0,shared_bank_conflicts/2--_Z24transposeNoBankConflictsPfS_ii--0,MaxIops_int32/__tpb_1024____blocks_1____ws_32--_Z9max_flopsIiEvPjS0_PT_S2_S2_--0,l1_shared_bw/__tpb_1024____blocks_1____ws_32--_Z9shared_bwPjS_S_S_j--0,l1_bw_32f_unroll/__tpb_1024___blocks_1____ws_32--_Z5l1_bwPjS_PfS0_--0,l1_bw_32f_unroll_large/NO_ARGS--_Z5l1_bwPjS_PfS0_--0,AVG
RTX3070-SASS,0.0000,0.0000,0.0000,0.0000,0.0000,0.0000,0.0000,0.0000,0.0000,0.0000,0.0000,0.0000,0.0000,0.0000,0.0000,0.0000,0.0000,0.0

----------------------------------------------------------------------------------------------------,,,,,,,,,,,,,,,,,,
gpgpu_simulation_rate\s+=\s+(.*)\s+\(inst\/sec\),,,,,,,,,,,,,,,,,,
CFG,l1_bw_32f/__tpb_1024___tpsm_1024___blocks_1___ws_32--_Z5l1_bwPmS_PfPKf--0,l1_bw_64f/__tpb_1024___tpsm_1024___blocks_1___ws_32--_Z5l1_bwPmS_PdS0_--0,l1_bw_128/__tpb_1024___tpsm_1024___blocks_1___ws_32--_Z5l1_bwPmS_PfS0_--0,l1_lat/__blocks_1___ws_32--_Z6l1_latPjS_PmS0_--0,l2_bw_32f/__tpb_1024___tpsm_1024___blocks_160___ws_32--_Z5l2_bwPmS_PfS0_j--0,l2_bw_64f/__tpb_1024___tpsm_1024___blocks_160___l2_786432___ws_32--_Z5l2_bwPjS_PdS0_j--0,l2_lat/__tpb_1___tpsm_1___blocks_1___l2_786432___ws_32--_Z10l2_hit_latPjS_PmS0_--0,mem_bw/__tpb_1024___tpsm_1024___blocks_80___l2_1572864___ws_32___memclk_1132___membw_64--_Z6mem_bwPfS_S_S_S_S_PjS0_j--0,mem_lat/__tpb_1024___tpsm_1024___blocks_80___l2_1572864___ws_32___memclk_1132___membw_64--_Z7mem_latPjS_PmS0_j--0,shared_bw/__tpb_1024___tpsm_1024___blocks_1____ws_32--_Z9shared_bwPmS_Pjj--0,shared_lat/__blocks_1____ws_32--_Z10shared_latPjS_Pmj--0,shared_bank_conflicts/1--_Z18transposeCoalescedPfS_ii--0,shared_bank_conflicts/2--_Z24transposeNoBankConflictsPfS_ii--0,MaxIops_int32/__tpb_1024____blocks_1____ws_32--_Z9max_flopsIiEvPjS0_PT_S2_S2_--0,l1_shared_bw/__tpb_1024____blocks_1____ws_32--_Z9shared_bwPjS_S_S_j--0,l1_bw_32f_unroll/__tpb_1024___blocks_1____ws_32--_Z5l1_bwPjS_PfS0_--0,l1_bw_32f_unroll_large/NO_ARGS--_Z5l1_bwPjS_PfS0_--0,AVG
RTX3070-SASS,495025,33596,490557,4253,1472122,398241,1771,1583905,507370,152459,2720,491520,983040,213606,386909,469620,268259,467939.6

----------------------------------------------------------------------------------------------------,,,,,,,,,,,,,,,,,,
gpgpu_simulation_rate\s+=\s+(.*)\s+\(cycle\/sec\),,,,,,,,,,,,,,,,,,
CFG,l1_bw_32f/__tpb_1024___tpsm_1024___blocks_1___ws_32--_Z5l1_bwPmS_PfPKf--0,l1_bw_64f/__tpb_1024___tpsm_1024___blocks_1___ws_32--_Z5l1_bwPmS_PdS0_--0,l1_bw_128/__tpb_1024___tpsm_1024___blocks_1___ws_32--_Z5l1_bwPmS_PfS0_--0,l1_lat/__blocks_1___ws_32--_Z6l1_latPjS_PmS0_--0,l2_bw_32f/__tpb_1024___tpsm_1024___blocks_160___ws_32--_Z5l2_bwPmS_PfS0_j--0,l2_bw_64f/__tpb_1024___tpsm_1024___blocks_160___l2_786432___ws_32--_Z5l2_bwPjS_PdS0_j--0,l2_lat/__tpb_1___tpsm_1___blocks_1___l2_786432___ws_32--_Z10l2_hit_latPjS_PmS0_--0,mem_bw/__tpb_1024___tpsm_1024___blocks_80___l2_1572864___ws_32___memclk_1132___membw_64--_Z6mem_bwPfS_S_S_S_S_PjS0_j--0,mem_lat/__tpb_1024___tpsm_1024___blocks_80___l2_1572864___ws_32___memclk_1132___membw_64--_Z7mem_latPjS_PmS0_j--0,shared_bw/__tpb_1024___tpsm_1024___blocks_1____ws_32--_Z9shared_bwPmS_Pjj--0,shared_lat/__blocks_1____ws_32--_Z10shared_latPjS_Pmj--0,shared_bank_conflicts/1--_Z18transposeCoalescedPfS_ii--0,shared_bank_conflicts/2--_Z24transposeNoBankConflictsPfS_ii--0,MaxIops_int32/__tpb_1024____blocks_1____ws_32--_Z9max_flopsIiEvPjS0_PT_S2_S2_--0,l1_shared_bw/__tpb_1024____blocks_1____ws_32--_Z9shared_bwPjS_S_S_j--0,l1_bw_32f_unroll/__tpb_1024___blocks_1____ws_32--_Z5l1_bwPjS_PfS0_--0,l1_bw_32f_unroll_large/NO_ARGS--_Z5l1_bwPjS_PfS0_--0,AVG
RTX3070-SASS,5302,4554,4143,4884,366,836,4946,429,2881,4896,4338,1015,2030,4337,6535,5136,3995,3566.1

----------------------------------------------------------------------------------------------------,,,,,,,,,,,,,,,,,,
gpgpu_silicon_slowdown\s*=\s*(.*)x,,,,,,,,,,,,,,,,,,
CFG,l1_bw_32f/__tpb_1024___tpsm_1024___blocks_1___ws_32--_Z5l1_bwPmS_PfPKf--0,l1_bw_64f/__tpb_1024___tpsm_1024___blocks_1___ws_32--_Z5l1_bwPmS_PdS0_--0,l1_bw_128/__tpb_1024___tpsm_1024___blocks_1___ws_32--_Z5l1_bwPmS_PfS0_--0,l1_lat/__blocks_1___ws_32--_Z6l1_latPjS_PmS0_--0,l2_bw_32f/__tpb_1024___tpsm_1024___blocks_160___ws_32--_Z5l2_bwPmS_PfS0_j--0,l2_bw_64f/__tpb_1024___tpsm_1024___blocks_160___l2_786432___ws_32--_Z5l2_bwPjS_PdS0_j--0,l2_lat/__tpb_1___tpsm_1___blocks_1___l2_786432___ws_32--_Z10l2_hit_latPjS_PmS0_--0,mem_bw/__tpb_1024___tpsm_1024___blocks_80___l2_1572864___ws_32___memclk_1132___membw_64--_Z6mem_bwPfS_S_S_S_S_PjS0_j--0,mem_lat/__tpb_1024___tpsm_1024___blocks_80___l2_1572864___ws_32___memclk_1132___membw_64--_Z7mem_latPjS_PmS0_j--0,shared_bw/__tpb_1024___tpsm_1024___blocks_1____ws_32--_Z9shared_bwPmS_Pjj--0,shared_lat/__blocks_1____ws_32--_Z10shared_latPjS_Pmj--0,shared_bank_conflicts/1--_Z18transposeCoalescedPfS_ii--0,shared_bank_conflicts/2--_Z24transposeNoBankConflictsPfS_ii--0,MaxIops_int32/__tpb_1024____blocks_1____ws_32--_Z9max_flopsIiEvPjS0_PT_S2_S2_--0,l1_shared_bw/__tpb_1024____blocks_1____ws_32--_Z9shared_bwPjS_S_S_j--0,l1_bw_32f_unroll/__tpb_1024___blocks_1____ws_32--_Z5l1_bwPjS_PfS0_--0,l1_bw_32f_unroll_large/NO_ARGS--_Z5l1_bwPjS_PfS0_--0,AVG
RTX3070-SASS,213504,248572,273231,231777,3092896,1354066,228871,2638694,392919,231209,260949,1115270,557635,261009,173221,220404,283354,692798.9

----------------------------------------------------------------------------------------------------,,,,,,,,,,,,,,,,,,
gpu_tot_ipc\s*=\s*(.*),,,,,,,,,,,,,,,,,,
CFG,l1_bw_32f/__tpb_1024___tpsm_1024___blocks_1___ws_32--_Z5l1_bwPmS_PfPKf--0,l1_bw_64f/__tpb_1024___tpsm_1024___blocks_1___ws_32--_Z5l1_bwPmS_PdS0_--0,l1_bw_128/__tpb_1024___tpsm_1024___blocks_1___ws_32--_Z5l1_bwPmS_PfS0_--0,l1_lat/__blocks_1___ws_32--_Z6l1_latPjS_PmS0_--0,l2_bw_32f/__tpb_1024___tpsm_1024___blocks_160___ws_32--_Z5l2_bwPmS_PfS0_j--0,l2_bw_64f/__tpb_1024___tpsm_1024___blocks_160___l2_786432___ws_32--_Z5l2_bwPjS_PdS0_j--0,l2_lat/__tpb_1___tpsm_1___blocks_1___l2_786432___ws_32--_Z10l2_hit_latPjS_PmS0_--0,mem_bw/__tpb_1024___tpsm_1024___blocks_80___l2_1572864___ws_32___memclk_1132___membw_64--_Z6mem_bwPfS_S_S_S_S_PjS0_j--0,mem_lat/__tpb_1024___tpsm_1024___blocks_80___l2_1572864___ws_32___memclk_1132___membw_64--_Z7mem_latPjS_PmS0_j--0,shared_bw/__tpb_1024___tpsm_1024___blocks_1____ws_32--_Z9shared_bwPmS_Pjj--0,shared_lat/__blocks_1____ws_32--_Z10shared_latPjS_Pmj--0,shared_bank_conflicts/1--_Z18transposeCoalescedPfS_ii--0,shared_bank_conflicts/2--_Z24transposeNoBankConflictsPfS_ii--0,MaxIops_int32/__tpb_1024____blocks_1____ws_32--_Z9max_flopsIiEvPjS0_PT_S2_S2_--0,l1_shared_bw/__tpb_1024____blocks_1____ws_32--_Z9shared_bwPjS_S_S_j--0,l1_bw_32f_unroll/__tpb_1024___blocks_1____ws_32--_Z5l1_bwPjS_PfS0_--0,l1_bw_32f_unroll_large/NO_ARGS--_Z5l1_bwPjS_PfS0_--0,AVG
RTX3070-SASS,93.3644,7.3759,118.3857,0.8708,4016.4109,476.1174,0.3581,3687.0425,176.0767,31.1393,0.6270,484.1767,484.1767,49.2487,59.2038,91.4358,67.1470,579.0

