----------------------------------------------------------------------------------------------------,,,,,,,,,,,,,,,,,,,
Accel-Sim-build,,,,,,,,,,,,,,,,,,,
CFG,l1_bw_32f/NO_ARGS--all_kernels,l1_bw_64f/NO_ARGS--all_kernels,l1_bw_128/NO_ARGS--all_kernels,l1_lat/NO_ARGS--all_kernels,l1_lat/NO_ARGS--all_kernels,l2_bw_32f/NO_ARGS--all_kernels,l2_bw_64f/NO_ARGS--all_kernels,l2_lat/NO_ARGS--all_kernels,mem_bw/NO_ARGS--all_kernels,mem_lat/NO_ARGS--all_kernels,shared_bw/NO_ARGS--all_kernels,shared_lat/NO_ARGS--all_kernels,shared_bank_conflicts/1--all_kernels,shared_bank_conflicts/2--all_kernels,MaxFlops/NO_ARGS--all_kernels,l1_shared_bw/NO_ARGS--all_kernels,l1_bw_32f_unroll/NO_ARGS--all_kernels,l1_bw_32f_unroll_large/NO_ARGS--all_kernels,AVG
RTX2060-SASS,accelsim-commit-9a901b4_modified_0.0_25-05-20-20-11-53,accelsim-commit-9a901b4_modified_0.0_25-05-20-20-11-53,accelsim-commit-9a901b4_modified_0.0_25-05-20-20-11-53,accelsim-commit-9a901b4_modified_0.0_25-05-20-20-11-53,accelsim-commit-9a901b4_modified_0.0_25-05-20-20-11-53,accelsim-commit-9a901b4_modified_0.0_25-05-20-20-11-53,accelsim-commit-9a901b4_modified_0.0_25-05-20-20-11-53,accelsim-commit-9a901b4_modified_0.0_25-05-20-20-11-53,accelsim-commit-9a901b4_modified_0.0_25-05-20-20-11-53,accelsim-commit-9a901b4_modified_0.0_25-05-20-20-11-53,accelsim-commit-9a901b4_modified_0.0_25-05-20-20-11-53,accelsim-commit-9a901b4_modified_0.0_25-05-20-20-11-53,accelsim-commit-9a901b4_modified_0.0_25-05-20-20-11-53,accelsim-commit-9a901b4_modified_0.0_25-05-20-20-11-53,accelsim-commit-9a901b4_modified_0.0_25-05-20-20-11-53,accelsim-commit-9a901b4_modified_0.0_25-05-20-20-11-53,accelsim-commit-9a901b4_modified_0.0_25-05-20-20-11-53,accelsim-commit-9a901b4_modified_0.0_25-05-20-20-11-53,NA

----------------------------------------------------------------------------------------------------,,,,,,,,,,,,,,,,,,,
GPGPU-Sim-build,,,,,,,,,,,,,,,,,,,
CFG,l1_bw_32f/NO_ARGS--all_kernels,l1_bw_64f/NO_ARGS--all_kernels,l1_bw_128/NO_ARGS--all_kernels,l1_lat/NO_ARGS--all_kernels,l1_lat/NO_ARGS--all_kernels,l2_bw_32f/NO_ARGS--all_kernels,l2_bw_64f/NO_ARGS--all_kernels,l2_lat/NO_ARGS--all_kernels,mem_bw/NO_ARGS--all_kernels,mem_lat/NO_ARGS--all_kernels,shared_bw/NO_ARGS--all_kernels,shared_lat/NO_ARGS--all_kernels,shared_bank_conflicts/1--all_kernels,shared_bank_conflicts/2--all_kernels,MaxFlops/NO_ARGS--all_kernels,l1_shared_bw/NO_ARGS--all_kernels,l1_bw_32f_unroll/NO_ARGS--all_kernels,l1_bw_32f_unroll_large/NO_ARGS--all_kernels,AVG
RTX2060-SASS,gpgpu-sim_git-commit-bc268aab_modified_0.0,gpgpu-sim_git-commit-bc268aab_modified_0.0,gpgpu-sim_git-commit-bc268aab_modified_0.0,gpgpu-sim_git-commit-bc268aab_modified_0.0,gpgpu-sim_git-commit-bc268aab_modified_0.0,gpgpu-sim_git-commit-bc268aab_modified_0.0,gpgpu-sim_git-commit-bc268aab_modified_0.0,gpgpu-sim_git-commit-bc268aab_modified_0.0,gpgpu-sim_git-commit-bc268aab_modified_0.0,gpgpu-sim_git-commit-bc268aab_modified_0.0,gpgpu-sim_git-commit-bc268aab_modified_0.0,gpgpu-sim_git-commit-bc268aab_modified_0.0,gpgpu-sim_git-commit-bc268aab_modified_0.0,gpgpu-sim_git-commit-bc268aab_modified_0.0,gpgpu-sim_git-commit-bc268aab_modified_0.0,gpgpu-sim_git-commit-bc268aab_modified_0.0,gpgpu-sim_git-commit-bc268aab_modified_0.0,gpgpu-sim_git-commit-bc268aab_modified_0.0,NA

----------------------------------------------------------------------------------------------------,,,,,,,,,,,,,,,,,,,
gpu_tot_sim_insn\s*=\s*(.*),,,,,,,,,,,,,,,,,,,
CFG,l1_bw_32f/NO_ARGS--_Z5l1_bwPjS_PfS0_--0,l1_bw_64f/NO_ARGS--_Z5l1_bwPjS_PdS0_--0,l1_bw_128/NO_ARGS--_Z5l1_bwPjS_PfS0_--0,l1_lat/NO_ARGS--_Z6l1_latPjS_PmS0_--0,l1_lat/NO_ARGS--_Z6l1_latPjS_PmS0_--0,l2_bw_32f/NO_ARGS--_Z5l2_bwPjS_PfS0_--0,l2_bw_64f/NO_ARGS--_Z5l2_bwPjS_PdS0_--0,l2_lat/NO_ARGS--_Z6l2_latPjS_PmS0_--0,mem_bw/NO_ARGS--_Z6mem_bwPfS_S_S_S_S_PjS0_--0,mem_lat/NO_ARGS--_Z7mem_latPjS_PmS0_--0,shared_bw/NO_ARGS--_Z9shared_bwPjS_Pf--0,shared_lat/NO_ARGS--_Z10shared_latPjS_Pmj--0,shared_bank_conflicts/1--_Z18transposeCoalescedPfS_ii--0,shared_bank_conflicts/2--_Z24transposeNoBankConflictsPfS_ii--0,MaxFlops/NO_ARGS--_Z9max_flopsIfEvPjS0_PT_S2_S2_--0,l1_shared_bw/NO_ARGS--_Z9shared_bwPjS_S_S_j--0,l1_bw_32f_unroll/NO_ARGS--_Z5l1_bwPjS_PfS0_--0,l1_bw_32f_unroll_large/NO_ARGS--_Z5l1_bwPjS_PfS0_--0,AVG
RTX2060-SASS,3345408.0,2258944.0,39141376.0,100424.0,100424.0,191987712.0,189530112.0,50212.0,72482816.0,11212992.0,173120512.0,66018.0,2883584.0,2883584.0,4316160.0,52959232.0,6567936.0,9655296.0,42370152.3

----------------------------------------------------------------------------------------------------,,,,,,,,,,,,,,,,,,,
gpgpu_simulation_time\s*=.*\(([0-9]+) sec\).*,,,,,,,,,,,,,,,,,,,
CFG,l1_bw_32f/NO_ARGS--_Z5l1_bwPjS_PfS0_--0,l1_bw_64f/NO_ARGS--_Z5l1_bwPjS_PdS0_--0,l1_bw_128/NO_ARGS--_Z5l1_bwPjS_PfS0_--0,l1_lat/NO_ARGS--_Z6l1_latPjS_PmS0_--0,l1_lat/NO_ARGS--_Z6l1_latPjS_PmS0_--0,l2_bw_32f/NO_ARGS--_Z5l2_bwPjS_PfS0_--0,l2_bw_64f/NO_ARGS--_Z5l2_bwPjS_PdS0_--0,l2_lat/NO_ARGS--_Z6l2_latPjS_PmS0_--0,mem_bw/NO_ARGS--_Z6mem_bwPfS_S_S_S_S_PjS0_--0,mem_lat/NO_ARGS--_Z7mem_latPjS_PmS0_--0,shared_bw/NO_ARGS--_Z9shared_bwPjS_Pf--0,shared_lat/NO_ARGS--_Z10shared_latPjS_Pmj--0,shared_bank_conflicts/1--_Z18transposeCoalescedPfS_ii--0,shared_bank_conflicts/2--_Z24transposeNoBankConflictsPfS_ii--0,MaxFlops/NO_ARGS--_Z9max_flopsIfEvPjS0_PT_S2_S2_--0,l1_shared_bw/NO_ARGS--_Z9shared_bwPjS_S_S_j--0,l1_bw_32f_unroll/NO_ARGS--_Z5l1_bwPjS_PfS0_--0,l1_bw_32f_unroll_large/NO_ARGS--_Z5l1_bwPjS_PfS0_--0,AVG
RTX2060-SASS,9.0,33.0,100.0,288.0,288.0,735.0,1443.0,788.0,822.0,365.0,405.0,12.0,17.0,13.0,11.0,102.0,14.0,24.0,303.8

----------------------------------------------------------------------------------------------------,,,,,,,,,,,,,,,,,,,
gpu_tot_sim_cycle\s*=\s*(.*),,,,,,,,,,,,,,,,,,,
CFG,l1_bw_32f/NO_ARGS--_Z5l1_bwPjS_PfS0_--0,l1_bw_64f/NO_ARGS--_Z5l1_bwPjS_PdS0_--0,l1_bw_128/NO_ARGS--_Z5l1_bwPjS_PfS0_--0,l1_lat/NO_ARGS--_Z6l1_latPjS_PmS0_--0,l1_lat/NO_ARGS--_Z6l1_latPjS_PmS0_--0,l2_bw_32f/NO_ARGS--_Z5l2_bwPjS_PfS0_--0,l2_bw_64f/NO_ARGS--_Z5l2_bwPjS_PdS0_--0,l2_lat/NO_ARGS--_Z6l2_latPjS_PmS0_--0,mem_bw/NO_ARGS--_Z6mem_bwPfS_S_S_S_S_PjS0_--0,mem_lat/NO_ARGS--_Z7mem_latPjS_PmS0_--0,shared_bw/NO_ARGS--_Z9shared_bwPjS_Pf--0,shared_lat/NO_ARGS--_Z10shared_latPjS_Pmj--0,shared_bank_conflicts/1--_Z18transposeCoalescedPfS_ii--0,shared_bank_conflicts/2--_Z24transposeNoBankConflictsPfS_ii--0,MaxFlops/NO_ARGS--_Z9max_flopsIfEvPjS0_PT_S2_S2_--0,l1_shared_bw/NO_ARGS--_Z9shared_bwPjS_S_S_j--0,l1_bw_32f_unroll/NO_ARGS--_Z5l1_bwPjS_PfS0_--0,l1_bw_32f_unroll_large/NO_ARGS--_Z5l1_bwPjS_PfS0_--0,AVG
RTX2060-SASS,48084.0,352949.0,552833.0,2422738.0,2422738.0,804594.0,1688483.0,6782099.0,919233.0,2795608.0,4853402.0,96963.0,22625.0,12500.0,73657.0,1049180.0,77965.0,162274.0,1396551.4

----------------------------------------------------------------------------------------------------,,,,,,,,,,,,,,,,,,,
\s+L2_cache_stats_breakdown\[GLOBAL_ACC_R\]\[HIT\]\s*=\s*(.*),,,,,,,,,,,,,,,,,,,
CFG,l1_bw_32f/NO_ARGS--_Z5l1_bwPjS_PfS0_--0,l1_bw_64f/NO_ARGS--_Z5l1_bwPjS_PdS0_--0,l1_bw_128/NO_ARGS--_Z5l1_bwPjS_PfS0_--0,l1_lat/NO_ARGS--_Z6l1_latPjS_PmS0_--0,l1_lat/NO_ARGS--_Z6l1_latPjS_PmS0_--0,l2_bw_32f/NO_ARGS--_Z5l2_bwPjS_PfS0_--0,l2_bw_64f/NO_ARGS--_Z5l2_bwPjS_PdS0_--0,l2_lat/NO_ARGS--_Z6l2_latPjS_PmS0_--0,mem_bw/NO_ARGS--_Z6mem_bwPfS_S_S_S_S_PjS0_--0,mem_lat/NO_ARGS--_Z7mem_latPjS_PmS0_--0,shared_bw/NO_ARGS--_Z9shared_bwPjS_Pf--0,shared_lat/NO_ARGS--_Z10shared_latPjS_Pmj--0,shared_bank_conflicts/1--_Z18transposeCoalescedPfS_ii--0,shared_bank_conflicts/2--_Z24transposeNoBankConflictsPfS_ii--0,MaxFlops/NO_ARGS--_Z9max_flopsIfEvPjS0_PT_S2_S2_--0,l1_shared_bw/NO_ARGS--_Z9shared_bwPjS_S_S_j--0,l1_bw_32f_unroll/NO_ARGS--_Z5l1_bwPjS_PfS0_--0,l1_bw_32f_unroll_large/NO_ARGS--_Z5l1_bwPjS_PfS0_--0,AVG
RTX2060-SASS,1620.0,1080.0,0.0,0.0,0.0,10484780.0,20967199.0,32769.0,0.0,0.0,0.0,0.0,0.0,0.0,0.0,0.0,0.0,16508.0,1750219.8

----------------------------------------------------------------------------------------------------,,,,,,,,,,,,,,,,,,,
\s+L2_cache_stats_breakdown\[GLOBAL_ACC_R\]\[TOTAL_ACCESS\]\s*=\s*(.*),,,,,,,,,,,,,,,,,,,
CFG,l1_bw_32f/NO_ARGS--_Z5l1_bwPjS_PfS0_--0,l1_bw_64f/NO_ARGS--_Z5l1_bwPjS_PdS0_--0,l1_bw_128/NO_ARGS--_Z5l1_bwPjS_PfS0_--0,l1_lat/NO_ARGS--_Z6l1_latPjS_PmS0_--0,l1_lat/NO_ARGS--_Z6l1_latPjS_PmS0_--0,l2_bw_32f/NO_ARGS--_Z5l2_bwPjS_PfS0_--0,l2_bw_64f/NO_ARGS--_Z5l2_bwPjS_PdS0_--0,l2_lat/NO_ARGS--_Z6l2_latPjS_PmS0_--0,mem_bw/NO_ARGS--_Z6mem_bwPfS_S_S_S_S_PjS0_--0,mem_lat/NO_ARGS--_Z7mem_latPjS_PmS0_--0,shared_bw/NO_ARGS--_Z9shared_bwPjS_Pf--0,shared_lat/NO_ARGS--_Z10shared_latPjS_Pmj--0,shared_bank_conflicts/1--_Z18transposeCoalescedPfS_ii--0,shared_bank_conflicts/2--_Z24transposeNoBankConflictsPfS_ii--0,MaxFlops/NO_ARGS--_Z9max_flopsIfEvPjS0_PT_S2_S2_--0,l1_shared_bw/NO_ARGS--_Z9shared_bwPjS_S_S_j--0,l1_bw_32f_unroll/NO_ARGS--_Z5l1_bwPjS_PfS0_--0,l1_bw_32f_unroll_large/NO_ARGS--_Z5l1_bwPjS_PfS0_--0,AVG
RTX2060-SASS,3680.0,3136.0,2048.0,NA,NA,10508288.0,21016576.0,32769.0,5242880.0,7936.0,NA,NA,32768.0,32768.0,256.0,257.0,2048.0,33020.0,2637030.7

----------------------------------------------------------------------------------------------------,,,,,,,,,,,,,,,,,,,
\s+L2_cache_stats_breakdown\[GLOBAL_ACC_W\]\[HIT\]\s*=\s*(.*),,,,,,,,,,,,,,,,,,,
CFG,l1_bw_32f/NO_ARGS--_Z5l1_bwPjS_PfS0_--0,l1_bw_64f/NO_ARGS--_Z5l1_bwPjS_PdS0_--0,l1_bw_128/NO_ARGS--_Z5l1_bwPjS_PfS0_--0,l1_lat/NO_ARGS--_Z6l1_latPjS_PmS0_--0,l1_lat/NO_ARGS--_Z6l1_latPjS_PmS0_--0,l2_bw_32f/NO_ARGS--_Z5l2_bwPjS_PfS0_--0,l2_bw_64f/NO_ARGS--_Z5l2_bwPjS_PdS0_--0,l2_lat/NO_ARGS--_Z6l2_latPjS_PmS0_--0,mem_bw/NO_ARGS--_Z6mem_bwPfS_S_S_S_S_PjS0_--0,mem_lat/NO_ARGS--_Z7mem_latPjS_PmS0_--0,shared_bw/NO_ARGS--_Z9shared_bwPjS_Pf--0,shared_lat/NO_ARGS--_Z10shared_latPjS_Pmj--0,shared_bank_conflicts/1--_Z18transposeCoalescedPfS_ii--0,shared_bank_conflicts/2--_Z24transposeNoBankConflictsPfS_ii--0,MaxFlops/NO_ARGS--_Z9max_flopsIfEvPjS0_PT_S2_S2_--0,l1_shared_bw/NO_ARGS--_Z9shared_bwPjS_S_S_j--0,l1_bw_32f_unroll/NO_ARGS--_Z5l1_bwPjS_PfS0_--0,l1_bw_32f_unroll_large/NO_ARGS--_Z5l1_bwPjS_PfS0_--0,AVG
RTX2060-SASS,12.0,8.0,0.0,6144.0,6144.0,0.0,0.0,3072.0,0.0,0.0,0.0,0.0,0.0,0.0,0.0,0.0,0.0,0.0,854.4

----------------------------------------------------------------------------------------------------,,,,,,,,,,,,,,,,,,,
\s+L2_cache_stats_breakdown\[GLOBAL_ACC_W\]\[TOTAL_ACCESS\]\s*=\s*(.*),,,,,,,,,,,,,,,,,,,
CFG,l1_bw_32f/NO_ARGS--_Z5l1_bwPjS_PfS0_--0,l1_bw_64f/NO_ARGS--_Z5l1_bwPjS_PdS0_--0,l1_bw_128/NO_ARGS--_Z5l1_bwPjS_PfS0_--0,l1_lat/NO_ARGS--_Z6l1_latPjS_PmS0_--0,l1_lat/NO_ARGS--_Z6l1_latPjS_PmS0_--0,l2_bw_32f/NO_ARGS--_Z5l2_bwPjS_PfS0_--0,l2_bw_64f/NO_ARGS--_Z5l2_bwPjS_PdS0_--0,l2_lat/NO_ARGS--_Z6l2_latPjS_PmS0_--0,mem_bw/NO_ARGS--_Z6mem_bwPfS_S_S_S_S_PjS0_--0,mem_lat/NO_ARGS--_Z7mem_latPjS_PmS0_--0,shared_bw/NO_ARGS--_Z9shared_bwPjS_Pf--0,shared_lat/NO_ARGS--_Z10shared_latPjS_Pmj--0,shared_bank_conflicts/1--_Z18transposeCoalescedPfS_ii--0,shared_bank_conflicts/2--_Z24transposeNoBankConflictsPfS_ii--0,MaxFlops/NO_ARGS--_Z9max_flopsIfEvPjS0_PT_S2_S2_--0,l1_shared_bw/NO_ARGS--_Z9shared_bwPjS_S_S_j--0,l1_bw_32f_unroll/NO_ARGS--_Z5l1_bwPjS_PfS0_--0,l1_bw_32f_unroll_large/NO_ARGS--_Z5l1_bwPjS_PfS0_--0,AVG
RTX2060-SASS,384.0,512.0,384.0,8198.0,8198.0,61440.0,81920.0,4099.0,1089536.0,229379.0,384.0,3.0,32768.0,32768.0,384.0,384.0,384.0,384.0,86194.9

----------------------------------------------------------------------------------------------------,,,,,,,,,,,,,,,,,,,
\s+Total_core_cache_stats_breakdown\[GLOBAL_ACC_R\]\[TOTAL_ACCESS\]\s*=\s*(.*),,,,,,,,,,,,,,,,,,,
CFG,l1_bw_32f/NO_ARGS--_Z5l1_bwPjS_PfS0_--0,l1_bw_64f/NO_ARGS--_Z5l1_bwPjS_PdS0_--0,l1_bw_128/NO_ARGS--_Z5l1_bwPjS_PfS0_--0,l1_lat/NO_ARGS--_Z6l1_latPjS_PmS0_--0,l1_lat/NO_ARGS--_Z6l1_latPjS_PmS0_--0,l2_bw_32f/NO_ARGS--_Z5l2_bwPjS_PfS0_--0,l2_bw_64f/NO_ARGS--_Z5l2_bwPjS_PdS0_--0,l2_lat/NO_ARGS--_Z6l2_latPjS_PmS0_--0,mem_bw/NO_ARGS--_Z6mem_bwPfS_S_S_S_S_PjS0_--0,mem_lat/NO_ARGS--_Z7mem_latPjS_PmS0_--0,shared_bw/NO_ARGS--_Z9shared_bwPjS_Pf--0,shared_lat/NO_ARGS--_Z10shared_latPjS_Pmj--0,shared_bank_conflicts/1--_Z18transposeCoalescedPfS_ii--0,shared_bank_conflicts/2--_Z24transposeNoBankConflictsPfS_ii--0,MaxFlops/NO_ARGS--_Z9max_flopsIfEvPjS0_PT_S2_S2_--0,l1_shared_bw/NO_ARGS--_Z9shared_bwPjS_S_S_j--0,l1_bw_32f_unroll/NO_ARGS--_Z5l1_bwPjS_PfS0_--0,l1_bw_32f_unroll_large/NO_ARGS--_Z5l1_bwPjS_PfS0_--0,AVG
RTX2060-SASS,133120.0,133120.0,2099200.0,65538.0,65538.0,NA,NA,NA,NA,8192.0,NA,NA,32768.0,32768.0,256.0,655584.0,133120.0,540800.0,325000.3

----------------------------------------------------------------------------------------------------,,,,,,,,,,,,,,,,,,,
\s+Total_core_cache_stats_breakdown\[GLOBAL_ACC_R\]\[HIT\]\s*=\s*(.*),,,,,,,,,,,,,,,,,,,
CFG,l1_bw_32f/NO_ARGS--_Z5l1_bwPjS_PfS0_--0,l1_bw_64f/NO_ARGS--_Z5l1_bwPjS_PdS0_--0,l1_bw_128/NO_ARGS--_Z5l1_bwPjS_PfS0_--0,l1_lat/NO_ARGS--_Z6l1_latPjS_PmS0_--0,l1_lat/NO_ARGS--_Z6l1_latPjS_PmS0_--0,l2_bw_32f/NO_ARGS--_Z5l2_bwPjS_PfS0_--0,l2_bw_64f/NO_ARGS--_Z5l2_bwPjS_PdS0_--0,l2_lat/NO_ARGS--_Z6l2_latPjS_PmS0_--0,mem_bw/NO_ARGS--_Z6mem_bwPfS_S_S_S_S_PjS0_--0,mem_lat/NO_ARGS--_Z7mem_latPjS_PmS0_--0,shared_bw/NO_ARGS--_Z9shared_bwPjS_Pf--0,shared_lat/NO_ARGS--_Z10shared_latPjS_Pmj--0,shared_bank_conflicts/1--_Z18transposeCoalescedPfS_ii--0,shared_bank_conflicts/2--_Z24transposeNoBankConflictsPfS_ii--0,MaxFlops/NO_ARGS--_Z9max_flopsIfEvPjS0_PT_S2_S2_--0,l1_shared_bw/NO_ARGS--_Z9shared_bwPjS_S_S_j--0,l1_bw_32f_unroll/NO_ARGS--_Z5l1_bwPjS_PfS0_--0,l1_bw_32f_unroll_large/NO_ARGS--_Z5l1_bwPjS_PfS0_--0,AVG
RTX2060-SASS,127077.0,129848.0,2097152.0,65538.0,65538.0,0.0,0.0,0.0,0.0,256.0,0.0,0.0,0.0,0.0,0.0,655295.0,131072.0,461966.0,207430.1

----------------------------------------------------------------------------------------------------,,,,,,,,,,,,,,,,,,,
\s+Total_core_cache_stats_breakdown\[GLOBAL_ACC_W\]\[HIT\]\s*=\s*(.*),,,,,,,,,,,,,,,,,,,
CFG,l1_bw_32f/NO_ARGS--_Z5l1_bwPjS_PfS0_--0,l1_bw_64f/NO_ARGS--_Z5l1_bwPjS_PdS0_--0,l1_bw_128/NO_ARGS--_Z5l1_bwPjS_PfS0_--0,l1_lat/NO_ARGS--_Z6l1_latPjS_PmS0_--0,l1_lat/NO_ARGS--_Z6l1_latPjS_PmS0_--0,l2_bw_32f/NO_ARGS--_Z5l2_bwPjS_PfS0_--0,l2_bw_64f/NO_ARGS--_Z5l2_bwPjS_PdS0_--0,l2_lat/NO_ARGS--_Z6l2_latPjS_PmS0_--0,mem_bw/NO_ARGS--_Z6mem_bwPfS_S_S_S_S_PjS0_--0,mem_lat/NO_ARGS--_Z7mem_latPjS_PmS0_--0,shared_bw/NO_ARGS--_Z9shared_bwPjS_Pf--0,shared_lat/NO_ARGS--_Z10shared_latPjS_Pmj--0,shared_bank_conflicts/1--_Z18transposeCoalescedPfS_ii--0,shared_bank_conflicts/2--_Z24transposeNoBankConflictsPfS_ii--0,MaxFlops/NO_ARGS--_Z9max_flopsIfEvPjS0_PT_S2_S2_--0,l1_shared_bw/NO_ARGS--_Z9shared_bwPjS_S_S_j--0,l1_bw_32f_unroll/NO_ARGS--_Z5l1_bwPjS_PfS0_--0,l1_bw_32f_unroll_large/NO_ARGS--_Z5l1_bwPjS_PfS0_--0,AVG
RTX2060-SASS,12.0,8.0,0.0,6144.0,6144.0,0.0,0.0,3072.0,0.0,0.0,0.0,0.0,0.0,0.0,0.0,0.0,0.0,0.0,854.4

----------------------------------------------------------------------------------------------------,,,,,,,,,,,,,,,,,,,
\s+Total_core_cache_stats_breakdown\[GLOBAL_ACC_W\]\[TOTAL_ACCESS\]\s*=\s*(.*),,,,,,,,,,,,,,,,,,,
CFG,l1_bw_32f/NO_ARGS--_Z5l1_bwPjS_PfS0_--0,l1_bw_64f/NO_ARGS--_Z5l1_bwPjS_PdS0_--0,l1_bw_128/NO_ARGS--_Z5l1_bwPjS_PfS0_--0,l1_lat/NO_ARGS--_Z6l1_latPjS_PmS0_--0,l1_lat/NO_ARGS--_Z6l1_latPjS_PmS0_--0,l2_bw_32f/NO_ARGS--_Z5l2_bwPjS_PfS0_--0,l2_bw_64f/NO_ARGS--_Z5l2_bwPjS_PdS0_--0,l2_lat/NO_ARGS--_Z6l2_latPjS_PmS0_--0,mem_bw/NO_ARGS--_Z6mem_bwPfS_S_S_S_S_PjS0_--0,mem_lat/NO_ARGS--_Z7mem_latPjS_PmS0_--0,shared_bw/NO_ARGS--_Z9shared_bwPjS_Pf--0,shared_lat/NO_ARGS--_Z10shared_latPjS_Pmj--0,shared_bank_conflicts/1--_Z18transposeCoalescedPfS_ii--0,shared_bank_conflicts/2--_Z24transposeNoBankConflictsPfS_ii--0,MaxFlops/NO_ARGS--_Z9max_flopsIfEvPjS0_PT_S2_S2_--0,l1_shared_bw/NO_ARGS--_Z9shared_bwPjS_S_S_j--0,l1_bw_32f_unroll/NO_ARGS--_Z5l1_bwPjS_PfS0_--0,l1_bw_32f_unroll_large/NO_ARGS--_Z5l1_bwPjS_PfS0_--0,AVG
RTX2060-SASS,384.0,512.0,384.0,8198.0,8198.0,61440.0,81920.0,4099.0,1089536.0,229379.0,384.0,3.0,32768.0,32768.0,384.0,384.0,384.0,384.0,86194.9

----------------------------------------------------------------------------------------------------,,,,,,,,,,,,,,,,,,,
\s+Total_core_cache_stats_breakdown\[GLOBAL_ACC_R\]\[MSHR_HIT\]\s*=\s*(.*),,,,,,,,,,,,,,,,,,,
CFG,l1_bw_32f/NO_ARGS--_Z5l1_bwPjS_PfS0_--0,l1_bw_64f/NO_ARGS--_Z5l1_bwPjS_PdS0_--0,l1_bw_128/NO_ARGS--_Z5l1_bwPjS_PfS0_--0,l1_lat/NO_ARGS--_Z6l1_latPjS_PmS0_--0,l1_lat/NO_ARGS--_Z6l1_latPjS_PmS0_--0,l2_bw_32f/NO_ARGS--_Z5l2_bwPjS_PfS0_--0,l2_bw_64f/NO_ARGS--_Z5l2_bwPjS_PdS0_--0,l2_lat/NO_ARGS--_Z6l2_latPjS_PmS0_--0,mem_bw/NO_ARGS--_Z6mem_bwPfS_S_S_S_S_PjS0_--0,mem_lat/NO_ARGS--_Z7mem_latPjS_PmS0_--0,shared_bw/NO_ARGS--_Z9shared_bwPjS_Pf--0,shared_lat/NO_ARGS--_Z10shared_latPjS_Pmj--0,shared_bank_conflicts/1--_Z18transposeCoalescedPfS_ii--0,shared_bank_conflicts/2--_Z24transposeNoBankConflictsPfS_ii--0,MaxFlops/NO_ARGS--_Z9max_flopsIfEvPjS0_PT_S2_S2_--0,l1_shared_bw/NO_ARGS--_Z9shared_bwPjS_S_S_j--0,l1_bw_32f_unroll/NO_ARGS--_Z5l1_bwPjS_PfS0_--0,l1_bw_32f_unroll_large/NO_ARGS--_Z5l1_bwPjS_PfS0_--0,AVG
RTX2060-SASS,2363.0,136.0,0.0,0.0,0.0,0.0,0.0,0.0,0.0,0.0,0.0,0.0,0.0,0.0,0.0,32.0,0.0,45814.0,2685.8

----------------------------------------------------------------------------------------------------,,,,,,,,,,,,,,,,,,,
gpgpu_n_tot_w_icount\s*=\s*(.*),,,,,,,,,,,,,,,,,,,
CFG,l1_bw_32f/NO_ARGS--_Z5l1_bwPjS_PfS0_--0,l1_bw_64f/NO_ARGS--_Z5l1_bwPjS_PdS0_--0,l1_bw_128/NO_ARGS--_Z5l1_bwPjS_PfS0_--0,l1_lat/NO_ARGS--_Z6l1_latPjS_PmS0_--0,l1_lat/NO_ARGS--_Z6l1_latPjS_PmS0_--0,l2_bw_32f/NO_ARGS--_Z5l2_bwPjS_PfS0_--0,l2_bw_64f/NO_ARGS--_Z5l2_bwPjS_PdS0_--0,l2_lat/NO_ARGS--_Z6l2_latPjS_PmS0_--0,mem_bw/NO_ARGS--_Z6mem_bwPfS_S_S_S_S_PjS0_--0,mem_lat/NO_ARGS--_Z7mem_latPjS_PmS0_--0,shared_bw/NO_ARGS--_Z9shared_bwPjS_Pf--0,shared_lat/NO_ARGS--_Z10shared_latPjS_Pmj--0,shared_bank_conflicts/1--_Z18transposeCoalescedPfS_ii--0,shared_bank_conflicts/2--_Z24transposeNoBankConflictsPfS_ii--0,MaxFlops/NO_ARGS--_Z9max_flopsIfEvPjS0_PT_S2_S2_--0,l1_shared_bw/NO_ARGS--_Z9shared_bwPjS_S_S_j--0,l1_bw_32f_unroll/NO_ARGS--_Z5l1_bwPjS_PfS0_--0,l1_bw_32f_unroll_large/NO_ARGS--_Z5l1_bwPjS_PfS0_--0,AVG
RTX2060-SASS,104928.0,70912.0,1223584.0,100432.0,100432.0,6055936.0,5979136.0,50216.0,2280448.0,385611.0,5999968.0,6142.0,90112.0,90112.0,135968.0,1655136.0,205632.0,302528.0,1379846.3

----------------------------------------------------------------------------------------------------,,,,,,,,,,,,,,,,,,,
total dram reads\s*=\s*(.*),,,,,,,,,,,,,,,,,,,
CFG,l1_bw_32f/NO_ARGS--_Z5l1_bwPjS_PfS0_--0,l1_bw_64f/NO_ARGS--_Z5l1_bwPjS_PdS0_--0,l1_bw_128/NO_ARGS--_Z5l1_bwPjS_PfS0_--0,l1_lat/NO_ARGS--_Z6l1_latPjS_PmS0_--0,l1_lat/NO_ARGS--_Z6l1_latPjS_PmS0_--0,l2_bw_32f/NO_ARGS--_Z5l2_bwPjS_PfS0_--0,l2_bw_64f/NO_ARGS--_Z5l2_bwPjS_PdS0_--0,l2_lat/NO_ARGS--_Z6l2_latPjS_PmS0_--0,mem_bw/NO_ARGS--_Z6mem_bwPfS_S_S_S_S_PjS0_--0,mem_lat/NO_ARGS--_Z7mem_latPjS_PmS0_--0,shared_bw/NO_ARGS--_Z9shared_bwPjS_Pf--0,shared_lat/NO_ARGS--_Z10shared_latPjS_Pmj--0,shared_bank_conflicts/1--_Z18transposeCoalescedPfS_ii--0,shared_bank_conflicts/2--_Z24transposeNoBankConflictsPfS_ii--0,MaxFlops/NO_ARGS--_Z9max_flopsIfEvPjS0_PT_S2_S2_--0,l1_shared_bw/NO_ARGS--_Z9shared_bwPjS_S_S_j--0,l1_bw_32f_unroll/NO_ARGS--_Z5l1_bwPjS_PfS0_--0,l1_bw_32f_unroll_large/NO_ARGS--_Z5l1_bwPjS_PfS0_--0,AVG
RTX2060-SASS,2060.0,2056.0,2048.0,0.0,0.0,22528.0,48408.0,0.0,5242880.0,7936.0,0.0,0.0,32768.0,32768.0,256.0,257.0,2048.0,16512.0,300695.8

----------------------------------------------------------------------------------------------------,,,,,,,,,,,,,,,,,,,
total dram writes\s*=\s*(.*),,,,,,,,,,,,,,,,,,,
CFG,l1_bw_32f/NO_ARGS--_Z5l1_bwPjS_PfS0_--0,l1_bw_64f/NO_ARGS--_Z5l1_bwPjS_PdS0_--0,l1_bw_128/NO_ARGS--_Z5l1_bwPjS_PfS0_--0,l1_lat/NO_ARGS--_Z6l1_latPjS_PmS0_--0,l1_lat/NO_ARGS--_Z6l1_latPjS_PmS0_--0,l2_bw_32f/NO_ARGS--_Z5l2_bwPjS_PfS0_--0,l2_bw_64f/NO_ARGS--_Z5l2_bwPjS_PdS0_--0,l2_lat/NO_ARGS--_Z6l2_latPjS_PmS0_--0,mem_bw/NO_ARGS--_Z6mem_bwPfS_S_S_S_S_PjS0_--0,mem_lat/NO_ARGS--_Z7mem_latPjS_PmS0_--0,shared_bw/NO_ARGS--_Z9shared_bwPjS_Pf--0,shared_lat/NO_ARGS--_Z10shared_latPjS_Pmj--0,shared_bank_conflicts/1--_Z18transposeCoalescedPfS_ii--0,shared_bank_conflicts/2--_Z24transposeNoBankConflictsPfS_ii--0,MaxFlops/NO_ARGS--_Z9max_flopsIfEvPjS0_PT_S2_S2_--0,l1_shared_bw/NO_ARGS--_Z9shared_bwPjS_S_S_j--0,l1_bw_32f_unroll/NO_ARGS--_Z5l1_bwPjS_PfS0_--0,l1_bw_32f_unroll_large/NO_ARGS--_Z5l1_bwPjS_PfS0_--0,AVG
RTX2060-SASS,0.0,0.0,0.0,0.0,0.0,0.0,17572.0,0.0,1067680.0,139017.0,0.0,0.0,0.0,0.0,0.0,0.0,0.0,0.0,68014.9

----------------------------------------------------------------------------------------------------,,,,,,,,,,,,,,,,,,,
kernel_launch_uid\s*=\s*(.*),,,,,,,,,,,,,,,,,,,
CFG,l1_bw_32f/NO_ARGS--_Z5l1_bwPjS_PfS0_--0,l1_bw_64f/NO_ARGS--_Z5l1_bwPjS_PdS0_--0,l1_bw_128/NO_ARGS--_Z5l1_bwPjS_PfS0_--0,l1_lat/NO_ARGS--_Z6l1_latPjS_PmS0_--0,l1_lat/NO_ARGS--_Z6l1_latPjS_PmS0_--0,l2_bw_32f/NO_ARGS--_Z5l2_bwPjS_PfS0_--0,l2_bw_64f/NO_ARGS--_Z5l2_bwPjS_PdS0_--0,l2_lat/NO_ARGS--_Z6l2_latPjS_PmS0_--0,mem_bw/NO_ARGS--_Z6mem_bwPfS_S_S_S_S_PjS0_--0,mem_lat/NO_ARGS--_Z7mem_latPjS_PmS0_--0,shared_bw/NO_ARGS--_Z9shared_bwPjS_Pf--0,shared_lat/NO_ARGS--_Z10shared_latPjS_Pmj--0,shared_bank_conflicts/1--_Z18transposeCoalescedPfS_ii--0,shared_bank_conflicts/2--_Z24transposeNoBankConflictsPfS_ii--0,MaxFlops/NO_ARGS--_Z9max_flopsIfEvPjS0_PT_S2_S2_--0,l1_shared_bw/NO_ARGS--_Z9shared_bwPjS_S_S_j--0,l1_bw_32f_unroll/NO_ARGS--_Z5l1_bwPjS_PfS0_--0,l1_bw_32f_unroll_large/NO_ARGS--_Z5l1_bwPjS_PfS0_--0,AVG
RTX2060-SASS,1.0,1.0,1.0,2.0,2.0,1.0,1.0,1.0,1.0,1.0,1.0,1.0,1.0,1.0,1.0,1.0,1.0,1.0,1.1

----------------------------------------------------------------------------------------------------,,,,,,,,,,,,,,,,,,,
gpgpu_n_shmem_bkconflict\s*=\s*(.*),,,,,,,,,,,,,,,,,,,
CFG,l1_bw_32f/NO_ARGS--_Z5l1_bwPjS_PfS0_--0,l1_bw_64f/NO_ARGS--_Z5l1_bwPjS_PdS0_--0,l1_bw_128/NO_ARGS--_Z5l1_bwPjS_PfS0_--0,l1_lat/NO_ARGS--_Z6l1_latPjS_PmS0_--0,l1_lat/NO_ARGS--_Z6l1_latPjS_PmS0_--0,l2_bw_32f/NO_ARGS--_Z5l2_bwPjS_PfS0_--0,l2_bw_64f/NO_ARGS--_Z5l2_bwPjS_PdS0_--0,l2_lat/NO_ARGS--_Z6l2_latPjS_PmS0_--0,mem_bw/NO_ARGS--_Z6mem_bwPfS_S_S_S_S_PjS0_--0,mem_lat/NO_ARGS--_Z7mem_latPjS_PmS0_--0,shared_bw/NO_ARGS--_Z9shared_bwPjS_Pf--0,shared_lat/NO_ARGS--_Z10shared_latPjS_Pmj--0,shared_bank_conflicts/1--_Z18transposeCoalescedPfS_ii--0,shared_bank_conflicts/2--_Z24transposeNoBankConflictsPfS_ii--0,MaxFlops/NO_ARGS--_Z9max_flopsIfEvPjS0_PT_S2_S2_--0,l1_shared_bw/NO_ARGS--_Z9shared_bwPjS_S_S_j--0,l1_bw_32f_unroll/NO_ARGS--_Z5l1_bwPjS_PfS0_--0,l1_bw_32f_unroll_large/NO_ARGS--_Z5l1_bwPjS_PfS0_--0,AVG
RTX2060-SASS,0.0,0.0,0.0,0.0,0.0,0.0,0.0,0.0,0.0,0.0,3538944.0,192.0,253952.0,0.0,0.0,0.0,0.0,0.0,210727.1

----------------------------------------------------------------------------------------------------,,,,,,,,,,,,,,,,,,,
gpgpu_n_l1cache_bkconflict\s*=\s*(.*),,,,,,,,,,,,,,,,,,,
CFG,l1_bw_32f/NO_ARGS--_Z5l1_bwPjS_PfS0_--0,l1_bw_64f/NO_ARGS--_Z5l1_bwPjS_PdS0_--0,l1_bw_128/NO_ARGS--_Z5l1_bwPjS_PfS0_--0,l1_lat/NO_ARGS--_Z6l1_latPjS_PmS0_--0,l1_lat/NO_ARGS--_Z6l1_latPjS_PmS0_--0,l2_bw_32f/NO_ARGS--_Z5l2_bwPjS_PfS0_--0,l2_bw_64f/NO_ARGS--_Z5l2_bwPjS_PdS0_--0,l2_lat/NO_ARGS--_Z6l2_latPjS_PmS0_--0,mem_bw/NO_ARGS--_Z6mem_bwPfS_S_S_S_S_PjS0_--0,mem_lat/NO_ARGS--_Z7mem_latPjS_PmS0_--0,shared_bw/NO_ARGS--_Z9shared_bwPjS_Pf--0,shared_lat/NO_ARGS--_Z10shared_latPjS_Pmj--0,shared_bank_conflicts/1--_Z18transposeCoalescedPfS_ii--0,shared_bank_conflicts/2--_Z24transposeNoBankConflictsPfS_ii--0,MaxFlops/NO_ARGS--_Z9max_flopsIfEvPjS0_PT_S2_S2_--0,l1_shared_bw/NO_ARGS--_Z9shared_bwPjS_S_S_j--0,l1_bw_32f_unroll/NO_ARGS--_Z5l1_bwPjS_PfS0_--0,l1_bw_32f_unroll_large/NO_ARGS--_Z5l1_bwPjS_PfS0_--0,AVG
RTX2060-SASS,1911.0,1455.0,2113.0,0.0,0.0,30674.0,46032.0,0.0,18882.0,205166.0,188.0,0.0,64306.0,60006.0,285.0,192.0,1897.0,15436.0,24919.1

----------------------------------------------------------------------------------------------------,,,,,,,,,,,,,,,,,,,
gpu_ipc\s*=\s*(.*),,,,,,,,,,,,,,,,,,,
CFG,l1_bw_32f/NO_ARGS--_Z5l1_bwPjS_PfS0_--0,l1_bw_64f/NO_ARGS--_Z5l1_bwPjS_PdS0_--0,l1_bw_128/NO_ARGS--_Z5l1_bwPjS_PfS0_--0,l1_lat/NO_ARGS--_Z6l1_latPjS_PmS0_--0,l1_lat/NO_ARGS--_Z6l1_latPjS_PmS0_--0,l2_bw_32f/NO_ARGS--_Z5l2_bwPjS_PfS0_--0,l2_bw_64f/NO_ARGS--_Z5l2_bwPjS_PdS0_--0,l2_lat/NO_ARGS--_Z6l2_latPjS_PmS0_--0,mem_bw/NO_ARGS--_Z6mem_bwPfS_S_S_S_S_PjS0_--0,mem_lat/NO_ARGS--_Z7mem_latPjS_PmS0_--0,shared_bw/NO_ARGS--_Z9shared_bwPjS_Pf--0,shared_lat/NO_ARGS--_Z10shared_latPjS_Pmj--0,shared_bank_conflicts/1--_Z18transposeCoalescedPfS_ii--0,shared_bank_conflicts/2--_Z24transposeNoBankConflictsPfS_ii--0,MaxFlops/NO_ARGS--_Z9max_flopsIfEvPjS0_PT_S2_S2_--0,l1_shared_bw/NO_ARGS--_Z9shared_bwPjS_S_S_j--0,l1_bw_32f_unroll/NO_ARGS--_Z5l1_bwPjS_PfS0_--0,l1_bw_32f_unroll_large/NO_ARGS--_Z5l1_bwPjS_PfS0_--0,AVG
RTX2060-SASS,69.5742,6.4002,70.8014,0.0415,0.0415,238.6144,112.2488,0.0074,78.8514,4.0109,35.6699,0.6809,127.4512,230.6867,58.5981,50.4768,84.2421,59.5000,68.2

----------------------------------------------------------------------------------------------------,,,,,,,,,,,,,,,,,,,
gpu_occupancy\s*=\s*(.*)%,,,,,,,,,,,,,,,,,,,
CFG,l1_bw_32f/NO_ARGS--_Z5l1_bwPjS_PfS0_--0,l1_bw_64f/NO_ARGS--_Z5l1_bwPjS_PdS0_--0,l1_bw_128/NO_ARGS--_Z5l1_bwPjS_PfS0_--0,l1_lat/NO_ARGS--_Z6l1_latPjS_PmS0_--0,l1_lat/NO_ARGS--_Z6l1_latPjS_PmS0_--0,l2_bw_32f/NO_ARGS--_Z5l2_bwPjS_PfS0_--0,l2_bw_64f/NO_ARGS--_Z5l2_bwPjS_PdS0_--0,l2_lat/NO_ARGS--_Z6l2_latPjS_PmS0_--0,mem_bw/NO_ARGS--_Z6mem_bwPfS_S_S_S_S_PjS0_--0,mem_lat/NO_ARGS--_Z7mem_latPjS_PmS0_--0,shared_bw/NO_ARGS--_Z9shared_bwPjS_Pf--0,shared_lat/NO_ARGS--_Z10shared_latPjS_Pmj--0,shared_bank_conflicts/1--_Z18transposeCoalescedPfS_ii--0,shared_bank_conflicts/2--_Z24transposeNoBankConflictsPfS_ii--0,MaxFlops/NO_ARGS--_Z9max_flopsIfEvPjS0_PT_S2_S2_--0,l1_shared_bw/NO_ARGS--_Z9shared_bwPjS_S_S_j--0,l1_bw_32f_unroll/NO_ARGS--_Z5l1_bwPjS_PfS0_--0,l1_bw_32f_unroll_large/NO_ARGS--_Z5l1_bwPjS_PfS0_--0,AVG
RTX2060-SASS,99.8105,99.9565,99.9844,3.1250,3.1250,99.8992,99.9345,3.1250,98.9859,19.8678,99.9988,3.1250,92.8422,90.6868,99.8650,99.9913,99.8687,99.9481,73.0

----------------------------------------------------------------------------------------------------,,,,,,,,,,,,,,,,,,,
L2_BW\s*=\s*(.*)+GB\/Sec,,,,,,,,,,,,,,,,,,,
CFG,l1_bw_32f/NO_ARGS--_Z5l1_bwPjS_PfS0_--0,l1_bw_64f/NO_ARGS--_Z5l1_bwPjS_PdS0_--0,l1_bw_128/NO_ARGS--_Z5l1_bwPjS_PfS0_--0,l1_lat/NO_ARGS--_Z6l1_latPjS_PmS0_--0,l1_lat/NO_ARGS--_Z6l1_latPjS_PmS0_--0,l2_bw_32f/NO_ARGS--_Z5l2_bwPjS_PfS0_--0,l2_bw_64f/NO_ARGS--_Z5l2_bwPjS_PdS0_--0,l2_lat/NO_ARGS--_Z6l2_latPjS_PmS0_--0,mem_bw/NO_ARGS--_Z6mem_bwPfS_S_S_S_S_PjS0_--0,mem_lat/NO_ARGS--_Z7mem_latPjS_PmS0_--0,shared_bw/NO_ARGS--_Z9shared_bwPjS_Pf--0,shared_lat/NO_ARGS--_Z10shared_latPjS_Pmj--0,shared_bank_conflicts/1--_Z18transposeCoalescedPfS_ii--0,shared_bank_conflicts/2--_Z24transposeNoBankConflictsPfS_ii--0,MaxFlops/NO_ARGS--_Z9max_flopsIfEvPjS0_PT_S2_S2_--0,l1_shared_bw/NO_ARGS--_Z9shared_bwPjS_S_S_j--0,l1_bw_32f_unroll/NO_ARGS--_Z5l1_bwPjS_PfS0_--0,l1_bw_32f_unroll_large/NO_ARGS--_Z5l1_bwPjS_PfS0_--0,AVG
RTX2060-SASS,,,,,,,,,,,,,,,,,,,NA

----------------------------------------------------------------------------------------------------,,,,,,,,,,,,,,,,,,,
gpgpu_simulation_rate\s+=\s+(.*)\s+\(inst\/sec\),,,,,,,,,,,,,,,,,,,
CFG,l1_bw_32f/NO_ARGS--_Z5l1_bwPjS_PfS0_--0,l1_bw_64f/NO_ARGS--_Z5l1_bwPjS_PdS0_--0,l1_bw_128/NO_ARGS--_Z5l1_bwPjS_PfS0_--0,l1_lat/NO_ARGS--_Z6l1_latPjS_PmS0_--0,l1_lat/NO_ARGS--_Z6l1_latPjS_PmS0_--0,l2_bw_32f/NO_ARGS--_Z5l2_bwPjS_PfS0_--0,l2_bw_64f/NO_ARGS--_Z5l2_bwPjS_PdS0_--0,l2_lat/NO_ARGS--_Z6l2_latPjS_PmS0_--0,mem_bw/NO_ARGS--_Z6mem_bwPfS_S_S_S_S_PjS0_--0,mem_lat/NO_ARGS--_Z7mem_latPjS_PmS0_--0,shared_bw/NO_ARGS--_Z9shared_bwPjS_Pf--0,shared_lat/NO_ARGS--_Z10shared_latPjS_Pmj--0,shared_bank_conflicts/1--_Z18transposeCoalescedPfS_ii--0,shared_bank_conflicts/2--_Z24transposeNoBankConflictsPfS_ii--0,MaxFlops/NO_ARGS--_Z9max_flopsIfEvPjS0_PT_S2_S2_--0,l1_shared_bw/NO_ARGS--_Z9shared_bwPjS_S_S_j--0,l1_bw_32f_unroll/NO_ARGS--_Z5l1_bwPjS_PfS0_--0,l1_bw_32f_unroll_large/NO_ARGS--_Z5l1_bwPjS_PfS0_--0,AVG
RTX2060-SASS,371712,68452,391413,348,348,261207,131344,63,88178,30720,427458,5501,169622,221814,392378,519208,469138,402304,219511.6

----------------------------------------------------------------------------------------------------,,,,,,,,,,,,,,,,,,,
gpgpu_simulation_rate\s+=\s+(.*)\s+\(cycle\/sec\),,,,,,,,,,,,,,,,,,,
CFG,l1_bw_32f/NO_ARGS--_Z5l1_bwPjS_PfS0_--0,l1_bw_64f/NO_ARGS--_Z5l1_bwPjS_PdS0_--0,l1_bw_128/NO_ARGS--_Z5l1_bwPjS_PfS0_--0,l1_lat/NO_ARGS--_Z6l1_latPjS_PmS0_--0,l1_lat/NO_ARGS--_Z6l1_latPjS_PmS0_--0,l2_bw_32f/NO_ARGS--_Z5l2_bwPjS_PfS0_--0,l2_bw_64f/NO_ARGS--_Z5l2_bwPjS_PdS0_--0,l2_lat/NO_ARGS--_Z6l2_latPjS_PmS0_--0,mem_bw/NO_ARGS--_Z6mem_bwPfS_S_S_S_S_PjS0_--0,mem_lat/NO_ARGS--_Z7mem_latPjS_PmS0_--0,shared_bw/NO_ARGS--_Z9shared_bwPjS_Pf--0,shared_lat/NO_ARGS--_Z10shared_latPjS_Pmj--0,shared_bank_conflicts/1--_Z18transposeCoalescedPfS_ii--0,shared_bank_conflicts/2--_Z24transposeNoBankConflictsPfS_ii--0,MaxFlops/NO_ARGS--_Z9max_flopsIfEvPjS0_PT_S2_S2_--0,l1_shared_bw/NO_ARGS--_Z9shared_bwPjS_S_S_j--0,l1_bw_32f_unroll/NO_ARGS--_Z5l1_bwPjS_PfS0_--0,l1_bw_32f_unroll_large/NO_ARGS--_Z5l1_bwPjS_PfS0_--0,AVG
RTX2060-SASS,5342,10695,5528,8412,8412,1094,1170,8606,1118,7659,11983,8080,1330,961,6696,10286,5568,6761,6094.5

----------------------------------------------------------------------------------------------------,,,,,,,,,,,,,,,,,,,
gpgpu_silicon_slowdown\s*=\s*(.*)x,,,,,,,,,,,,,,,,,,,
CFG,l1_bw_32f/NO_ARGS--_Z5l1_bwPjS_PfS0_--0,l1_bw_64f/NO_ARGS--_Z5l1_bwPjS_PdS0_--0,l1_bw_128/NO_ARGS--_Z5l1_bwPjS_PfS0_--0,l1_lat/NO_ARGS--_Z6l1_latPjS_PmS0_--0,l1_lat/NO_ARGS--_Z6l1_latPjS_PmS0_--0,l2_bw_32f/NO_ARGS--_Z5l2_bwPjS_PfS0_--0,l2_bw_64f/NO_ARGS--_Z5l2_bwPjS_PdS0_--0,l2_lat/NO_ARGS--_Z6l2_latPjS_PmS0_--0,mem_bw/NO_ARGS--_Z6mem_bwPfS_S_S_S_S_PjS0_--0,mem_lat/NO_ARGS--_Z7mem_latPjS_PmS0_--0,shared_bw/NO_ARGS--_Z9shared_bwPjS_Pf--0,shared_lat/NO_ARGS--_Z10shared_latPjS_Pmj--0,shared_bank_conflicts/1--_Z18transposeCoalescedPfS_ii--0,shared_bank_conflicts/2--_Z24transposeNoBankConflictsPfS_ii--0,MaxFlops/NO_ARGS--_Z9max_flopsIfEvPjS0_PT_S2_S2_--0,l1_shared_bw/NO_ARGS--_Z9shared_bwPjS_S_S_j--0,l1_bw_32f_unroll/NO_ARGS--_Z5l1_bwPjS_PfS0_--0,l1_bw_32f_unroll_large/NO_ARGS--_Z5l1_bwPjS_PfS0_--0,AVG
RTX2060-SASS,255522,127629,246924,162268,162268,1247714,1166666,158610,1220930,178221,113911,168935,1026315,1420395,203853,132704,245150,201893,468883.8

----------------------------------------------------------------------------------------------------,,,,,,,,,,,,,,,,,,,
gpu_tot_ipc\s*=\s*(.*),,,,,,,,,,,,,,,,,,,
CFG,l1_bw_32f/NO_ARGS--_Z5l1_bwPjS_PfS0_--0,l1_bw_64f/NO_ARGS--_Z5l1_bwPjS_PdS0_--0,l1_bw_128/NO_ARGS--_Z5l1_bwPjS_PfS0_--0,l1_lat/NO_ARGS--_Z6l1_latPjS_PmS0_--0,l1_lat/NO_ARGS--_Z6l1_latPjS_PmS0_--0,l2_bw_32f/NO_ARGS--_Z5l2_bwPjS_PfS0_--0,l2_bw_64f/NO_ARGS--_Z5l2_bwPjS_PdS0_--0,l2_lat/NO_ARGS--_Z6l2_latPjS_PmS0_--0,mem_bw/NO_ARGS--_Z6mem_bwPfS_S_S_S_S_PjS0_--0,mem_lat/NO_ARGS--_Z7mem_latPjS_PmS0_--0,shared_bw/NO_ARGS--_Z9shared_bwPjS_Pf--0,shared_lat/NO_ARGS--_Z10shared_latPjS_Pmj--0,shared_bank_conflicts/1--_Z18transposeCoalescedPfS_ii--0,shared_bank_conflicts/2--_Z24transposeNoBankConflictsPfS_ii--0,MaxFlops/NO_ARGS--_Z9max_flopsIfEvPjS0_PT_S2_S2_--0,l1_shared_bw/NO_ARGS--_Z9shared_bwPjS_S_S_j--0,l1_bw_32f_unroll/NO_ARGS--_Z5l1_bwPjS_PfS0_--0,l1_bw_32f_unroll_large/NO_ARGS--_Z5l1_bwPjS_PfS0_--0,AVG
RTX2060-SASS,69.5742,6.4002,70.8014,0.0415,0.0415,238.6144,112.2488,0.0074,78.8514,4.0109,35.6699,0.6809,127.4512,230.6867,58.5981,50.4768,84.2421,59.5000,68.2

